Order_ID,Gender_Category,Product_Line,Product_Name,Size,Units_Sold,MRP,Discount_Applied,Revenue,Order_Date,Sales_Channel,Region,Profit,Revenue_recalc,is_return,year,month,day,day_of_week,profit_margin,revenue_per_unit
2000,Kids,Training,SuperRep Go,M,3,4321.69,0.47,0.00,2024-03-09,Online,Bangalore,-770.45,6871.48,False,2024,3,9,Saturday,-0.11,2290.49
2001,Women,Soccer,Tiempo Legend,M,3,4957.93,0.00,0.00,2024-07-09,Retail,Hyderabad,-112.53,14873.79,False,2024,7,9,Tuesday,-0.01,4957.93
2002,Women,Soccer,Premier III,M,4,8534.07,0.00,0.00,2025-07-11,Retail,Mumbai,3337.34,34136.28,False,2025,7,11,Friday,0.10,8534.07
2003,Kids,Lifestyle,Blazer Mid,L,3,9673.57,0.00,0.00,2024-04-10,Online,Pune,3376.85,29020.71,False,2024,4,10,Wednesday,0.12,9673.57
2004,Kids,Running,React Infinity,XL,3,6077.13,0.00,0.00,2024-09-12,Retail,Delhi,187.89,18231.39,False,2024,9,12,Thursday,0.01,6077.13
2005,Women,Training,Flex Trainer,M,1,7363.96,0.00,0.00,2024-10-14,Retail,Delhi,1415.98,7363.96,False,2024,10,14,Monday,0.19,7363.96
2006,Men,Training,SuperRep Go,M,3,6819.78,0.00,0.00,2025-04-06,Online,Bangalore,1802.09,20459.34,False,2025,4,6,Sunday,0.09,6819.78
2007,Kids,Training,SuperRep Go,M,1,4520.97,0.32,0.00,2024-12-21,Retail,Bangalore,2928.36,3074.26,False,2024,12,21,Saturday,0.95,3074.26
2009,Men,Soccer,Mercurial Superfly,M,4,7982.20,0.00,0.00,2024-09-01,Online,Pune,3929.61,31928.80,False,2024,9,1,Sunday,0.12,7982.20
2010,Kids,Lifestyle,Waffle One,L,1,7949.83,0.00,0.00,2025-01-16,Online,Pune,1965.56,7949.83,False,2025,1,16,Thursday,0.25,7949.83
2013,Kids,Training,SuperRep Go,L,3,9671.05,0.00,0.00,2024-09-19,Online,Hyderabad,299.34,29013.15,False,2024,9,19,Thursday,0.01,9671.05
2014,Women,Running,React Infinity,L,2,3893.88,0.00,0.00,2025-04-12,Online,Bangalore,-1044.40,7787.75,False,2025,4,12,Saturday,-0.13,3893.88
2015,Kids,Basketball,Air Jordan,M,2,3285.52,0.00,0.00,2025-05-31,Retail,Kolkata,1193.21,6571.04,False,2025,5,31,Saturday,0.18,3285.52
2016,Women,Basketball,Air Jordan,M,1,9871.75,0.30,6910.22,2025-04-19,Retail,Hyderabad,2452.69,6910.22,False,2025,4,19,Saturday,0.35,6910.22
2017,Women,Basketball,Air Jordan,M,4,6077.13,0.00,0.00,2025-03-17,Retail,Delhi,1946.24,24308.52,False,2025,3,17,Monday,0.08,6077.13
2022,Women,Soccer,Premier III,M,1,7200.68,0.00,0.00,2024-09-24,Online,Pune,3427.16,7200.68,False,2024,9,24,Tuesday,0.48,7200.68
2023,Men,Lifestyle,Waffle One,M,3,5003.95,0.00,0.00,2025-10-01,Online,Mumbai,1498.37,15011.85,False,2025,10,1,Wednesday,0.10,5003.95
2025,Women,Basketball,Kyrie Flytrap,M,3,9820.50,0.00,0.00,2024-09-10,Retail,Mumbai,1900.15,29461.50,False,2024,9,10,Tuesday,0.06,9820.50
2026,Kids,Lifestyle,Blazer Mid,XL,1,6624.38,0.16,0.00,2024-08-10,Retail,Kolkata,2301.64,5564.47,False,2024,8,10,Saturday,0.41,5564.47
2027,Men,Basketball,Zoom Freak,XL,3,2913.15,0.22,0.00,2024-09-21,Online,Pune,-138.74,6816.77,False,2024,9,21,Saturday,-0.02,2272.26
2028,Men,Training,Flex Trainer,XL,2,3270.23,0.00,0.00,2024-10-14,Retail,Delhi,-946.86,8175.57,False,2024,10,14,Monday,-0.12,4087.79
2030,Men,Soccer,Phantom GT,XL,2,4575.70,0.00,0.00,2025-07-14,Retail,Hyderabad,-122.93,9151.40,False,2025,7,14,Monday,-0.01,4575.70
2031,Men,Soccer,Premier III,L,4,3493.04,0.82,2514.99,2024-05-09,Online,Delhi,350.70,2514.99,False,2024,5,9,Thursday,0.14,628.75
2032,Women,Lifestyle,Blazer Mid,XL,1,6469.59,0.00,0.00,2025-11-04,Retail,Mumbai,-555.16,6469.59,False,2025,11,4,Tuesday,-0.09,6469.59
2034,Men,Basketball,Air Jordan,S,3,6235.71,0.00,0.00,2025-04-30,Retail,Delhi,-267.37,18707.13,False,2025,4,30,Wednesday,-0.01,6235.71
2035,Kids,Basketball,Zoom Freak,L,4,3432.35,0.38,0.00,2024-11-17,Online,Bangalore,2914.83,8512.23,False,2024,11,17,Sunday,0.34,2128.06
2036,Men,Training,Metcon 7,XL,3,2855.37,0.00,0.00,2025-02-15,Retail,Bangalore,-143.80,8566.11,False,2025,2,15,Saturday,-0.02,2855.37
2037,Kids,Running,Pegasus Turbo,S,3,5653.14,0.00,16959.42,2024-08-19,Retail,Pune,2776.96,16959.42,False,2024,8,19,Monday,0.16,5653.14
2039,Women,Training,Flex Trainer,M,4,2767.70,0.63,0.00,2025-04-22,Retail,Hyderabad,-336.30,4096.20,False,2025,4,22,Tuesday,-0.08,1024.05
2002,Women,Basketball,Zoom Freak,XL,3,5075.22,0.00,0.00,2025-07-03,Retail,Delhi,145.08,15225.66,False,2025,7,3,Thursday,0.01,5075.22
2041,Kids,Soccer,Tiempo Legend,XL,4,5553.88,0.00,0.00,2025-03-05,Online,Hyderabad,2371.66,22215.52,False,2025,3,5,Wednesday,0.11,5553.88
2042,Women,Basketball,Kyrie Flytrap,L,3,6175.84,0.00,0.00,2025-04-19,Online,Hyderabad,-862.16,18527.52,False,2025,4,19,Saturday,-0.05,6175.84
2044,Kids,Training,SuperRep Go,M,3,6252.51,0.00,0.00,2023-09-06,Online,Delhi,2174.71,18757.53,False,2023,9,6,Wednesday,0.12,6252.51
2045,Kids,Lifestyle,Dunk Low,XL,4,5740.59,0.00,0.00,2025-04-06,Retail,Delhi,1833.94,22962.38,False,2025,4,6,Sunday,0.08,5740.59
2046,Kids,Running,Air Zoom,XL,1,6077.13,0.00,0.00,2024-02-13,Online,Kolkata,1284.33,9115.69,False,2024,2,13,Tuesday,0.14,9115.69
2047,Women,Training,SuperRep Go,L,1,8577.75,0.00,0.00,2024-06-13,Retail,Bangalore,2888.68,8577.75,False,2024,6,13,Thursday,0.34,8577.75
2049,Kids,Soccer,Tiempo Legend,L,1,7767.20,0.00,0.00,2024-09-01,Retail,Pune,311.48,7767.20,False,2024,9,1,Sunday,0.04,7767.20
2050,Men,Running,Air Zoom,L,1,3923.39,0.57,0.00,2024-02-13,Retail,Kolkata,682.12,1687.06,False,2024,2,13,Tuesday,0.40,1687.06
2051,Women,Basketball,Air Jordan,XL,3,6077.13,0.37,0.00,2024-01-05,Retail,Delhi,3135.98,11485.78,False,2024,1,5,Friday,0.27,3828.59
2052,Men,Training,Flex Trainer,L,3,9155.96,0.00,0.00,2024-10-08,Retail,Pune,2184.80,27467.88,False,2024,10,8,Tuesday,0.08,9155.96
2053,Men,Lifestyle,Air Force 1,XL,3,6009.58,0.00,0.00,2024-10-02,Online,Delhi,3384.92,18028.74,False,2024,10,2,Wednesday,0.19,6009.58
2055,Men,Basketball,Kyrie Flytrap,L,3,6077.13,0.00,0.00,2024-10-26,Online,Hyderabad,-1078.76,18231.39,False,2024,10,26,Saturday,-0.06,6077.13
2056,Men,Running,React Infinity,L,3,8561.18,0.00,0.00,2024-05-31,Retail,Bangalore,-244.44,25683.54,False,2024,5,31,Friday,-0.01,8561.18
2048,Men,Lifestyle,Waffle One,M,3,6216.29,0.94,1118.93,2024-09-14,Online,Mumbai,-642.02,1118.93,False,2024,9,14,Saturday,-0.57,372.98
2058,Women,Training,Flex Trainer,L,2,4985.92,0.00,0.00,2025-01-03,Online,Kolkata,361.54,9971.84,False,2025,1,3,Friday,0.04,4985.92
2060,Men,Lifestyle,Waffle One,L,2,7979.26,0.00,0.00,2024-07-11,Online,Bangalore,2821.59,15958.52,False,2024,7,11,Thursday,0.18,7979.26
2061,Women,Basketball,LeBron 20,L,3,4670.69,0.00,0.00,2024-10-09,Online,Mumbai,-501.68,14012.07,False,2024,10,9,Wednesday,-0.04,4670.69
2062,Men,Basketball,Air Jordan,L,2,6102.57,0.00,0.00,2025-06-06,Online,Bangalore,1823.91,12205.14,False,2025,6,6,Friday,0.15,6102.57
2063,Women,Basketball,Air Jordan,M,1,9751.00,0.16,8190.84,2024-06-09,Retail,Pune,1130.31,8190.84,False,2024,6,9,Sunday,0.14,8190.84
2064,Kids,Running,React Infinity,L,2,7557.71,0.00,0.00,2025-03-02,Online,Bangalore,3277.44,15115.42,False,2025,3,2,Sunday,0.22,7557.71
2065,Women,Lifestyle,Waffle One,L,1,4492.46,0.78,0.00,2024-02-11,Retail,Hyderabad,21.58,988.34,False,2024,2,11,Sunday,0.02,988.34
2067,Kids,Basketball,LeBron 20,L,4,3588.38,0.00,0.00,2025-06-05,Online,Kolkata,161.50,14353.52,False,2025,6,5,Thursday,0.01,3588.38
2068,Men,Running,Free RN,L,4,2553.29,0.00,0.00,2024-12-05,Retail,Mumbai,984.90,10213.16,False,2024,12,5,Thursday,0.10,2553.29
2069,Women,Training,SuperRep Go,L,4,7502.24,0.00,0.00,2025-07-14,Online,Pune,3554.58,30008.96,False,2025,7,14,Monday,0.12,7502.24
2070,Kids,Running,React Infinity,L,3,7170.91,0.00,0.00,2024-10-01,Retail,Mumbai,1112.43,21512.73,False,2024,10,1,Tuesday,0.05,7170.91
2071,Kids,Lifestyle,Blazer Mid,M,3,7849.81,0.49,12010.21,2025-01-12,Retail,Pune,-882.96,12010.21,False,2025,1,12,Sunday,-0.07,4003.40
2072,Men,Training,Flex Trainer,L,3,6473.43,0.00,0.00,2024-10-09,Retail,Pune,3639.20,19420.29,False,2024,10,9,Wednesday,0.19,6473.43
2073,Women,Lifestyle,Blazer Mid,XL,4,6077.13,0.85,0.00,2024-03-11,Online,Hyderabad,443.86,3646.28,False,2024,3,11,Monday,0.12,911.57
2075,Kids,Basketball,Air Jordan,L,4,4251.74,0.00,0.00,2025-07-14,Online,Pune,2345.35,17006.96,False,2025,7,14,Monday,0.14,4251.74
2076,Women,Training,ZoomX Invincible,L,2,5962.56,0.00,0.00,2024-10-13,Retail,Bangalore,2011.25,14906.40,False,2024,10,13,Sunday,0.13,7453.20
2077,Men,Training,ZoomX Invincible,L,2,6186.30,0.00,0.00,2023-11-21,Online,Pune,3332.66,12372.60,False,2023,11,21,Tuesday,0.27,6186.30
2080,Men,Lifestyle,Blazer Mid,L,1,3510.45,0.00,0.00,2025-03-31,Online,Bangalore,-1005.89,5265.68,False,2025,3,31,Monday,-0.19,5265.68
2081,Men,Training,ZoomX Invincible,L,4,5888.37,0.00,0.00,2024-12-21,Online,Mumbai,2810.49,23553.48,False,2024,12,21,Saturday,0.12,5888.37
2083,Men,Running,Free RN,L,2,9291.74,0.00,0.00,2024-10-14,Retail,Delhi,-981.21,18583.48,False,2024,10,14,Monday,-0.05,9291.74
2084,Men,Training,Metcon 7,M,2,5239.61,0.00,0.00,2023-12-24,Online,Mumbai,408.39,10479.22,False,2023,12,24,Sunday,0.04,5239.61
2085,Men,Basketball,Kyrie Flytrap,L,4,7561.85,0.00,0.00,2024-12-17,Retail,Kolkata,98.72,30247.40,False,2024,12,17,Tuesday,0.00,7561.85
2087,Kids,Basketball,Zoom Freak,L,2,4656.28,0.00,0.00,2024-11-01,Online,Kolkata,3777.50,11640.70,False,2024,11,1,Friday,0.32,5820.35
2088,Women,Running,Free RN,XL,4,3554.76,0.00,0.00,2025-04-26,Online,Bangalore,2702.93,14219.04,False,2025,4,26,Saturday,0.19,3554.76
2089,Women,Training,Flex Trainer,L,2,6874.77,0.60,5499.82,2024-02-12,Online,Mumbai,-1076.66,5499.82,False,2024,2,12,Monday,-0.20,2749.91
2090,Kids,Lifestyle,Dunk Low,M,4,6077.13,0.00,0.00,2024-07-26,Retail,Bangalore,163.15,24308.52,False,2024,7,26,Friday,0.01,6077.13
2091,Kids,Running,Air Zoom,L,1,9246.88,0.00,0.00,2024-10-01,Retail,Mumbai,1917.55,9246.88,False,2024,10,1,Tuesday,0.21,9246.88
2092,Kids,Basketball,Zoom Freak,XL,2,6887.39,0.00,0.00,2024-05-19,Online,Delhi,207.20,13774.78,False,2024,5,19,Sunday,0.02,6887.39
2094,Kids,Training,Flex Trainer,L,1,4276.36,0.00,0.00,2024-10-11,Retail,Delhi,2974.58,4276.36,False,2024,10,11,Friday,0.70,4276.36
2095,Men,Lifestyle,Waffle One,M,3,6140.70,0.00,0.00,2024-10-16,Online,Delhi,880.57,18422.10,False,2024,10,16,Wednesday,0.05,6140.70
2096,Men,Running,Pegasus Turbo,XL,2,6077.13,0.00,0.00,2024-12-24,Online,Kolkata,288.66,12154.26,False,2024,12,24,Tuesday,0.02,6077.13
2097,Women,Training,ZoomX Invincible,XL,2,7978.89,0.00,0.00,2024-12-21,Online,Bangalore,769.05,15957.78,False,2024,12,21,Saturday,0.05,7978.89
2098,Men,Training,ZoomX Invincible,L,2,5690.69,0.69,0.00,2024-01-24,Online,Hyderabad,98.30,3528.23,False,2024,1,24,Wednesday,0.03,1764.11
2099,Kids,Soccer,Mercurial Superfly,M,2,6056.88,0.32,0.00,2025-01-02,Retail,Mumbai,360.97,8237.36,False,2025,1,2,Thursday,0.04,4118.68
2100,Kids,Soccer,Phantom GT,M,1,5937.52,0.00,0.00,2025-07-11,Retail,Mumbai,2287.57,5937.52,False,2025,7,11,Friday,0.39,5937.52
2104,Men,Basketball,Kyrie Flytrap,L,1,7352.44,0.00,0.00,2024-05-19,Retail,Delhi,2905.91,7352.44,False,2024,5,19,Sunday,0.40,7352.44
2105,Kids,Training,Metcon 7,L,2,5744.70,0.00,0.00,2024-11-17,Retail,Mumbai,1716.04,11489.40,False,2024,11,17,Sunday,0.15,5744.70
2106,Women,Running,Free RN,L,2,6178.39,0.00,0.00,2024-12-24,Retail,Bangalore,76.95,12356.78,False,2024,12,24,Tuesday,0.01,6178.39
2107,Women,Running,React Infinity,M,4,9625.95,0.00,0.00,2024-08-30,Online,Hyderabad,-184.69,38503.82,False,2024,8,30,Friday,-0.00,9625.95
2108,Kids,Lifestyle,Air Force 1,XL,1,6077.13,0.27,0.00,2024-11-15,Retail,Mumbai,-338.77,4436.30,False,2024,11,15,Friday,-0.08,4436.30
2110,Kids,Running,Air Zoom,XL,1,9264.49,0.42,0.00,2024-12-25,Retail,Pune,-259.29,5373.40,False,2024,12,25,Wednesday,-0.05,5373.40
2111,Men,Lifestyle,Waffle One,L,2,5358.97,0.00,0.00,2024-11-21,Retail,Bangalore,1326.67,10717.94,False,2024,11,21,Thursday,0.12,5358.97
2112,Women,Training,Metcon 7,M,3,2201.54,0.00,0.00,2024-12-21,Retail,Bangalore,697.42,6604.62,False,2024,12,21,Saturday,0.11,2201.54
2113,Women,Basketball,Air Jordan,XL,2,3939.34,0.00,0.00,2023-12-19,Retail,Pune,2918.93,7878.68,False,2023,12,19,Tuesday,0.37,3939.34
2115,Kids,Soccer,Phantom GT,S,2,7607.45,0.00,0.00,2024-08-22,Online,Kolkata,1969.03,15214.90,False,2024,8,22,Thursday,0.13,7607.45
2116,Women,Basketball,LeBron 20,L,2,4038.32,0.00,0.00,2024-08-27,Online,Hyderabad,2088.55,8076.64,False,2024,8,27,Tuesday,0.26,4038.32
2118,Kids,Basketball,Zoom Freak,XL,2,8426.54,0.00,0.00,2023-09-21,Online,Hyderabad,2696.85,16853.08,False,2023,9,21,Thursday,0.16,8426.54
2120,Men,Soccer,Phantom GT,XL,2,7120.57,0.00,0.00,2024-12-14,Retail,Pune,-328.00,14241.14,False,2024,12,14,Saturday,-0.02,7120.57
2123,Men,Running,Air Zoom,L,2,2943.44,0.00,0.00,2024-09-15,Retail,Hyderabad,2195.52,5886.88,False,2024,9,15,Sunday,0.37,2943.44
2124,Kids,Basketball,Kyrie Flytrap,L,1,6436.11,0.00,0.00,2025-04-07,Online,Kolkata,432.04,6436.11,False,2025,4,7,Monday,0.07,6436.11
2125,Women,Soccer,Tiempo Legend,M,3,4957.93,0.00,0.00,2024-10-12,Retail,Hyderabad,1051.22,14873.79,False,2024,10,12,Saturday,0.07,4957.93
2128,Women,Basketball,LeBron 20,L,2,8750.71,0.00,0.00,2025-05-26,Retail,Bangalore,1411.29,17501.42,False,2025,5,26,Monday,0.08,8750.71
2129,Men,Basketball,Zoom Freak,M,3,6377.88,0.00,0.00,2024-05-19,Retail,Delhi,841.40,19133.62,False,2024,5,19,Sunday,0.04,6377.88
2130,Men,Soccer,Premier III,L,3,7264.55,0.24,0.00,2024-09-14,Online,Bangalore,2962.75,16563.17,False,2024,9,14,Saturday,0.18,5521.06
2131,Kids,Running,Free RN,XL,4,5561.82,0.00,0.00,2024-10-01,Retail,Mumbai,2227.48,22247.28,False,2024,10,1,Tuesday,0.10,5561.82
2132,Men,Running,Free RN,L,2,8124.38,0.00,0.00,2025-04-07,Online,Delhi,3882.22,16248.76,False,2025,4,7,Monday,0.24,8124.38
2133,Men,Training,Metcon 7,XL,3,6789.53,0.00,0.00,2024-10-10,Retail,Pune,-166.81,20368.59,False,2024,10,10,Thursday,-0.01,6789.53
2134,Men,Training,ZoomX Invincible,M,2,4738.62,0.00,0.00,2024-06-08,Online,Hyderabad,1009.28,9477.24,False,2024,6,8,Saturday,0.11,4738.62
2135,Men,Basketball,Zoom Freak,L,2,9106.61,0.74,4735.44,2024-11-03,Retail,Hyderabad,2422.38,4735.44,False,2024,11,3,Sunday,0.51,2367.72
2136,Kids,Training,ZoomX Invincible,L,1,5474.79,0.00,0.00,2024-09-15,Online,Pune,3672.24,5474.79,False,2024,9,15,Sunday,0.67,5474.79
2138,Men,Running,Pegasus Turbo,L,2,8055.20,0.00,0.00,2025-06-14,Online,Mumbai,1840.09,16110.40,False,2025,6,14,Saturday,0.11,8055.20
2139,Women,Basketball,Air Jordan,M,3,5663.94,0.00,0.00,2025-06-19,Retail,Mumbai,-334.52,16991.82,False,2025,6,19,Thursday,-0.02,5663.94
2140,Men,Basketball,Zoom Freak,M,2,6765.74,0.00,0.00,2025-04-28,Online,Bangalore,-875.45,13531.48,False,2025,4,28,Monday,-0.06,6765.74
2141,Kids,Soccer,Tiempo Legend,L,3,7155.10,0.00,0.00,2023-11-22,Retail,Kolkata,-1032.47,21465.30,False,2023,11,22,Wednesday,-0.05,7155.10
2142,Kids,Soccer,Mercurial Superfly,M,2,7670.57,0.00,0.00,2024-10-03,Retail,Kolkata,-995.59,15341.14,False,2024,10,3,Thursday,-0.06,7670.57
2144,Women,Lifestyle,Waffle One,L,4,7203.25,0.00,0.00,2025-03-30,Online,Kolkata,2385.10,28813.00,False,2025,3,30,Sunday,0.08,7203.25
2146,Kids,Basketball,Air Jordan,XL,3,6077.13,0.00,0.00,2025-02-15,Retail,Mumbai,-908.85,18231.39,False,2025,2,15,Saturday,-0.05,6077.13
2148,Men,Basketball,Kyrie Flytrap,L,3,6077.13,0.00,0.00,2025-06-19,Online,Hyderabad,520.55,18231.39,False,2025,6,19,Thursday,0.03,6077.13
2149,Women,Running,Pegasus Turbo,L,2,4809.50,0.00,0.00,2025-05-20,Online,Kolkata,-595.69,9619.00,False,2025,5,20,Tuesday,-0.06,4809.50
2150,Women,Basketball,LeBron 20,M,2,3313.21,0.48,3445.74,2025-06-07,Online,Bangalore,3221.62,3445.74,False,2025,6,7,Saturday,0.93,1722.87
2151,Kids,Soccer,Tiempo Legend,L,4,5619.75,0.00,0.00,2025-05-27,Online,Bangalore,2000.85,22479.00,False,2025,5,27,Tuesday,0.09,5619.75
2152,Women,Running,Free RN,M,4,3554.76,0.00,0.00,2024-12-24,Online,Bangalore,3819.41,14219.04,False,2024,12,24,Tuesday,0.27,3554.76
2154,Kids,Lifestyle,Blazer Mid,XL,1,2963.16,0.00,0.00,2025-04-01,Online,Bangalore,2381.85,4444.74,False,2025,4,1,Tuesday,0.54,4444.74
2155,Men,Soccer,Phantom GT,L,3,6489.35,0.00,0.00,2024-01-09,Online,Hyderabad,1475.15,19468.05,False,2024,1,9,Tuesday,0.08,6489.35
2157,Kids,Soccer,Premier III,M,1,3129.89,0.00,0.00,2025-04-29,Online,Delhi,-701.01,3129.89,False,2025,4,29,Tuesday,-0.22,3129.89
2159,Women,Training,ZoomX Invincible,XL,2,3987.65,0.00,0.00,2024-10-14,Retail,Delhi,2781.72,7975.30,False,2024,10,14,Monday,0.35,3987.65
2160,Kids,Running,Air Zoom,XL,1,9246.88,0.00,0.00,2025-03-01,Retail,Mumbai,3744.91,9246.88,False,2025,3,1,Saturday,0.40,9246.88
2162,Men,Lifestyle,Blazer Mid,M,4,7662.11,0.00,0.00,2024-10-13,Online,Mumbai,2398.55,30648.44,False,2024,10,13,Sunday,0.08,7662.11
2163,Men,Lifestyle,Dunk Low,S,2,8696.98,0.00,0.00,2025-03-06,Retail,Hyderabad,3344.98,21742.44,False,2025,3,6,Thursday,0.15,10871.22
2165,Kids,Training,SuperRep Go,L,4,4577.65,0.00,0.00,2024-11-11,Retail,Kolkata,2460.19,18310.60,False,2024,11,11,Monday,0.13,4577.65
2166,Women,Lifestyle,Air Force 1,M,3,7312.38,0.00,0.00,2025-01-02,Online,Mumbai,3364.05,21937.14,False,2025,1,2,Thursday,0.15,7312.38
2167,Men,Running,React Infinity,XL,3,3055.79,0.00,0.00,2024-10-01,Retail,Mumbai,1259.58,9167.37,False,2024,10,1,Tuesday,0.14,3055.79
2169,Kids,Training,Flex Trainer,L,4,4046.05,0.01,16022.36,2024-12-14,Retail,Delhi,1057.58,16022.36,False,2024,12,14,Saturday,0.07,4005.59
2022,Women,Lifestyle,Air Force 1,L,1,9378.52,0.00,0.00,2023-10-29,Retail,Mumbai,128.92,9378.52,False,2023,10,29,Sunday,0.01,9378.52
2172,Women,Training,ZoomX Invincible,M,2,7988.99,0.00,0.00,2024-12-17,Online,Bangalore,-909.86,15977.98,False,2024,12,17,Tuesday,-0.06,7988.99
2174,Women,Soccer,Phantom GT,L,2,3883.92,0.00,0.00,2024-09-01,Retail,Pune,428.50,7767.84,False,2024,9,1,Sunday,0.06,3883.92
2175,Women,Lifestyle,Blazer Mid,L,3,6077.13,0.00,0.00,2024-04-11,Online,Pune,2457.78,18231.39,False,2024,4,11,Thursday,0.13,6077.13
2176,Men,Soccer,Mercurial Superfly,M,4,6918.96,0.00,0.00,2025-04-01,Online,Bangalore,3908.28,27675.84,False,2025,4,1,Tuesday,0.14,6918.96
2177,Women,Lifestyle,Waffle One,XL,2,7922.86,0.00,0.00,2025-06-27,Retail,Mumbai,885.37,15845.72,False,2025,6,27,Friday,0.06,7922.86
2178,Men,Running,Free RN,L,1,6077.13,0.00,0.00,2024-10-28,Retail,Bangalore,-983.37,6077.13,False,2024,10,28,Monday,-0.16,6077.13
2179,Women,Training,ZoomX Invincible,M,3,6121.27,0.00,0.00,2024-01-26,Retail,Pune,3135.92,18363.80,False,2024,1,26,Friday,0.17,6121.27
2180,Women,Basketball,LeBron 20,XL,3,7881.81,0.00,0.00,2024-05-15,Online,Pune,2189.84,23645.43,False,2024,5,15,Wednesday,0.09,7881.81
2181,Women,Lifestyle,Air Force 1,XL,2,6125.15,0.00,0.00,2025-01-06,Retail,Delhi,419.58,12250.30,False,2025,1,6,Monday,0.03,6125.15
2182,Kids,Basketball,Zoom Freak,L,3,7214.55,0.00,0.00,2024-09-10,Online,Mumbai,-662.77,21643.65,False,2024,9,10,Tuesday,-0.03,7214.55
2183,Kids,Lifestyle,Waffle One,M,1,5389.56,0.00,0.00,2024-04-11,Online,Pune,2927.93,5389.56,False,2024,4,11,Thursday,0.54,5389.56
2184,Men,Soccer,Mercurial Superfly,XL,4,6077.13,0.00,0.00,2024-01-09,Retail,Hyderabad,1980.73,24308.52,False,2024,1,9,Tuesday,0.08,6077.13
2185,Women,Training,ZoomX Invincible,XL,4,4207.44,0.59,6900.20,2025-06-08,Online,Kolkata,-615.48,6900.20,False,2025,6,8,Sunday,-0.09,1725.05
2187,Men,Running,React Infinity,L,3,7795.32,0.00,0.00,2024-09-11,Online,Mumbai,2402.99,23385.96,False,2024,9,11,Wednesday,0.10,7795.32
2190,Kids,Basketball,Kyrie Flytrap,L,4,4280.01,0.66,0.00,2024-05-19,Online,Delhi,1949.77,5820.81,False,2024,5,19,Sunday,0.33,1455.20
2191,Men,Lifestyle,Air Force 1,M,3,8828.67,0.00,0.00,2024-09-28,Retail,Pune,-1032.88,26486.01,False,2024,9,28,Saturday,-0.04,8828.67
2194,Men,Soccer,Mercurial Superfly,M,1,6196.01,0.00,0.00,2024-10-27,Online,Hyderabad,926.03,6196.01,False,2024,10,27,Sunday,0.15,6196.01
2195,Women,Training,SuperRep Go,L,3,2527.28,0.51,0.00,2024-10-14,Online,Delhi,1041.81,3715.11,False,2024,10,14,Monday,0.28,1238.37
2196,Kids,Soccer,Premier III,L,2,2708.73,0.00,0.00,2025-06-30,Online,Delhi,925.63,5417.46,False,2025,6,30,Monday,0.17,2708.73
2197,Kids,Training,ZoomX Invincible,L,3,7882.99,0.00,0.00,2024-10-06,Online,Bangalore,-418.50,23648.96,False,2024,10,6,Sunday,-0.02,7882.99
2198,Men,Training,SuperRep Go,S,4,3782.59,0.65,0.00,2025-01-05,Online,Pune,-169.33,5295.63,False,2025,1,5,Sunday,-0.03,1323.91
2199,Men,Soccer,Premier III,M,1,6908.65,0.00,0.00,2024-08-22,Retail,Kolkata,389.94,6908.65,False,2024,8,22,Thursday,0.06,6908.65
2200,Men,Basketball,Air Jordan,M,3,5570.72,0.00,0.00,2024-05-19,Online,Delhi,1513.76,16712.16,False,2024,5,19,Sunday,0.09,5570.72
2201,Women,Training,SuperRep Go,L,3,6676.24,0.00,0.00,2024-05-10,Online,Mumbai,1403.56,23366.82,False,2024,5,10,Friday,0.06,7788.94
2204,Men,Basketball,LeBron 20,S,1,7660.41,0.00,0.00,2025-05-17,Online,Delhi,2076.75,7660.41,False,2025,5,17,Saturday,0.27,7660.41
2206,Men,Training,Flex Trainer,M,2,7730.77,0.00,0.00,2024-10-14,Online,Delhi,-524.85,15461.54,False,2024,10,14,Monday,-0.03,7730.77
2207,Women,Running,Pegasus Turbo,XL,3,2828.36,0.00,0.00,2025-01-23,Online,Hyderabad,2101.41,8485.08,False,2025,1,23,Thursday,0.25,2828.36
2208,Women,Basketball,LeBron 20,M,2,5172.62,0.97,0.00,2025-04-19,Retail,Hyderabad,-1074.04,310.36,False,2025,4,19,Saturday,-3.46,155.18
2209,Kids,Training,SuperRep Go,L,3,6077.13,0.00,0.00,2024-09-01,Retail,Hyderabad,1956.70,18231.39,False,2024,9,1,Sunday,0.11,6077.13
2210,Men,Lifestyle,Blazer Mid,XL,1,9117.41,0.00,0.00,2024-09-08,Retail,Kolkata,701.02,9117.41,False,2024,9,8,Sunday,0.08,9117.41
2212,Women,Lifestyle,Blazer Mid,L,2,7670.82,0.00,0.00,2024-09-23,Online,Kolkata,-87.95,15341.64,False,2024,9,23,Monday,-0.01,7670.82
2213,Women,Running,Air Zoom,M,4,5714.92,0.00,0.00,2025-04-07,Online,Delhi,3741.14,22859.68,False,2025,4,7,Monday,0.16,5714.92
2214,Men,Basketball,LeBron 20,XL,2,5016.03,0.00,0.00,2024-09-10,Retail,Mumbai,1446.00,10032.06,False,2024,9,10,Tuesday,0.14,5016.03
2215,Men,Basketball,Zoom Freak,XL,3,7357.98,0.36,0.00,2024-12-16,Online,Kolkata,3254.06,14127.32,False,2024,12,16,Monday,0.23,4709.11
2216,Women,Lifestyle,Air Force 1,M,1,3111.62,0.00,0.00,2024-08-01,Online,Hyderabad,2617.56,3111.62,False,2024,8,1,Thursday,0.84,3111.62
2217,Women,Lifestyle,Waffle One,L,2,3378.39,0.00,0.00,2025-04-15,Retail,Delhi,2190.84,8445.96,False,2025,4,15,Tuesday,0.26,4222.98
2218,Kids,Soccer,Premier III,S,2,8412.75,0.00,0.00,2024-07-21,Online,Bangalore,1440.02,16825.49,False,2024,7,21,Sunday,0.09,8412.75
2220,Kids,Training,SuperRep Go,M,1,2823.65,0.00,0.00,2024-09-09,Online,Kolkata,890.14,2823.65,False,2024,9,9,Monday,0.32,2823.65
2221,Kids,Lifestyle,Waffle One,L,2,3375.97,0.00,0.00,2024-01-06,Retail,Mumbai,-297.05,6751.94,False,2024,1,6,Saturday,-0.04,3375.97
2222,Men,Training,ZoomX Invincible,XL,2,8897.19,0.11,15837.00,2024-12-21,Retail,Mumbai,2821.69,15837.00,False,2024,12,21,Saturday,0.18,7918.50
2225,Kids,Basketball,Kyrie Flytrap,L,2,7168.88,0.00,0.00,2025-04-19,Retail,Hyderabad,1136.63,14337.76,False,2025,4,19,Saturday,0.08,7168.88
2226,Women,Basketball,Zoom Freak,M,2,6165.64,0.31,0.00,2025-06-28,Online,Delhi,-131.04,8508.58,False,2025,6,28,Saturday,-0.02,4254.29
2228,Kids,Basketball,Zoom Freak,L,2,9382.15,0.00,0.00,2024-08-22,Online,Kolkata,-127.34,23455.38,False,2024,8,22,Thursday,-0.01,11727.69
2229,Men,Running,Air Zoom,XL,1,7143.23,0.00,0.00,2025-03-26,Retail,Mumbai,3284.36,7143.23,False,2025,3,26,Wednesday,0.46,7143.23
2230,Kids,Lifestyle,Dunk Low,L,4,6202.99,0.00,0.00,2024-07-26,Online,Bangalore,781.56,24811.96,False,2024,7,26,Friday,0.03,6202.99
2232,Women,Running,Free RN,XL,2,2149.28,0.32,0.00,2024-11-17,Online,Kolkata,2409.87,2923.02,False,2024,11,17,Sunday,0.82,1461.51
2234,Men,Training,Flex Trainer,L,4,6189.10,0.00,24756.40,2024-12-21,Retail,Bangalore,2085.62,24756.40,False,2024,12,21,Saturday,0.08,6189.10
2042,Men,Basketball,Kyrie Flytrap,L,1,5254.47,0.00,0.00,2025-02-26,Retail,Bangalore,2459.63,5254.47,False,2025,2,26,Wednesday,0.47,5254.47
2236,Men,Soccer,Mercurial Superfly,M,1,7457.12,0.00,0.00,2024-12-10,Online,Delhi,880.62,11185.68,False,2024,12,10,Tuesday,0.08,11185.68
2237,Kids,Training,Metcon 7,M,2,5089.88,0.00,0.00,2025-06-26,Online,Mumbai,-238.18,10179.76,False,2025,6,26,Thursday,-0.02,5089.88
2238,Kids,Training,SuperRep Go,M,3,4348.86,0.00,0.00,2024-10-14,Online,Delhi,662.02,13046.58,False,2024,10,14,Monday,0.05,4348.86
2239,Men,Training,SuperRep Go,XL,1,5319.24,0.00,0.00,2024-08-04,Online,Kolkata,1750.71,5319.24,False,2024,8,4,Sunday,0.33,5319.24
2240,Kids,Basketball,Air Jordan,M,2,9520.50,0.48,0.00,2025-01-22,Retail,Kolkata,-928.85,9901.32,False,2025,1,22,Wednesday,-0.09,4950.66
2241,Women,Soccer,Tiempo Legend,XL,4,9662.04,0.00,0.00,2025-02-19,Online,Hyderabad,-233.74,38648.16,False,2025,2,19,Wednesday,-0.01,9662.04
2243,Men,Lifestyle,Blazer Mid,L,3,9747.58,0.00,0.00,2024-07-11,Retail,Delhi,266.31,29242.74,False,2024,7,11,Thursday,0.01,9747.58
2244,Kids,Training,Metcon 7,L,2,3730.58,0.00,0.00,2024-10-14,Online,Delhi,1904.11,7461.16,False,2024,10,14,Monday,0.26,3730.58
2245,Kids,Running,React Infinity,M,3,4128.35,0.00,0.00,2025-04-16,Online,Pune,-290.33,12385.05,False,2025,4,16,Wednesday,-0.02,4128.35
2247,Women,Training,Metcon 7,M,2,6991.93,0.00,0.00,2024-08-16,Online,Mumbai,-1158.15,13983.86,False,2024,8,16,Friday,-0.08,6991.93
2248,Men,Training,Metcon 7,M,4,8249.96,0.24,25079.88,2024-01-16,Online,Bangalore,1625.14,25079.88,False,2024,1,16,Tuesday,0.06,6269.97
2249,Men,Training,Flex Trainer,M,3,7730.77,0.00,0.00,2024-05-28,Online,Delhi,-692.94,27057.69,False,2024,5,28,Tuesday,-0.03,9019.23
2250,Men,Basketball,Kyrie Flytrap,XL,4,4527.64,0.00,0.00,2024-10-01,Retail,Pune,821.13,18110.56,False,2024,10,1,Tuesday,0.05,4527.64
2046,Men,Basketball,Air Jordan,XL,2,9593.65,0.00,0.00,2025-11-01,Online,Hyderabad,1592.50,19187.30,False,2025,11,1,Saturday,0.08,9593.65
2252,Women,Running,Free RN,L,2,8204.14,0.00,0.00,2025-04-07,Retail,Delhi,934.87,16408.28,False,2025,4,7,Monday,0.06,8204.14
2255,Kids,Basketball,LeBron 20,XL,2,2222.55,0.84,0.00,2025-04-06,Retail,Mumbai,586.56,711.22,False,2025,4,6,Sunday,0.82,355.61
2256,Men,Soccer,Phantom GT,L,2,6489.35,0.00,0.00,2025-03-30,Online,Hyderabad,3175.83,12978.70,False,2025,3,30,Sunday,0.24,6489.35
2257,Men,Basketball,Kyrie Flytrap,XL,1,5635.54,0.00,0.00,2025-02-09,Online,Mumbai,-365.42,5635.54,False,2025,2,9,Sunday,-0.06,5635.54
2258,Women,Lifestyle,Dunk Low,L,3,6500.61,0.39,0.00,2023-11-21,Online,Mumbai,2824.70,11896.12,False,2023,11,21,Tuesday,0.24,3965.37
2259,Women,Soccer,Mercurial Superfly,M,2,4262.63,0.00,0.00,2024-10-20,Retail,Delhi,2323.89,10656.58,False,2024,10,20,Sunday,0.22,5328.29
2260,Women,Lifestyle,Dunk Low,M,2,8546.90,0.00,0.00,2024-12-12,Retail,Pune,-352.18,17093.80,False,2024,12,12,Thursday,-0.02,8546.90
2261,Women,Training,ZoomX Invincible,M,2,2503.60,0.54,0.00,2024-04-10,Retail,Pune,1574.74,2879.14,False,2024,4,10,Wednesday,0.55,1439.57
2264,Men,Training,ZoomX Invincible,L,4,5622.32,0.00,22489.28,2024-04-22,Retail,Bangalore,1248.25,22489.28,False,2024,4,22,Monday,0.06,5622.32
2265,Women,Soccer,Premier III,S,4,2422.97,0.00,0.00,2024-11-23,Retail,Delhi,-67.74,9691.88,False,2024,11,23,Saturday,-0.01,2422.97
2266,Women,Basketball,LeBron 20,L,3,3263.64,0.00,0.00,2025-07-19,Retail,Kolkata,3475.59,9790.92,False,2025,7,19,Saturday,0.35,3263.64
2268,Men,Soccer,Mercurial Superfly,M,3,7330.81,0.00,0.00,2023-11-16,Online,Kolkata,518.71,21992.43,False,2023,11,16,Thursday,0.02,7330.81
2269,Women,Training,ZoomX Invincible,L,4,6424.32,0.00,0.00,2024-07-14,Retail,Mumbai,-405.26,25697.28,False,2024,7,14,Sunday,-0.02,6424.32
2270,Men,Running,React Infinity,XL,1,6077.13,0.00,0.00,2025-06-06,Retail,Pune,3088.25,6077.13,False,2025,6,6,Friday,0.51,6077.13
2271,Kids,Lifestyle,Waffle One,M,2,5116.58,0.07,0.00,2024-05-03,Retail,Delhi,1293.94,11896.05,False,2024,5,3,Friday,0.11,5948.02
2038,Women,Training,ZoomX Invincible,XL,1,7338.57,0.00,0.00,2024-10-21,Retail,Delhi,3680.24,7338.57,False,2024,10,21,Monday,0.50,7338.57
2274,Women,Training,Metcon 7,S,4,6077.13,0.45,0.00,2025-06-13,Online,Bangalore,2561.89,13369.69,False,2025,6,13,Friday,0.19,3342.42
2277,Kids,Basketball,LeBron 20,M,2,3682.84,0.00,0.00,2024-12-28,Online,Hyderabad,3967.77,7365.68,False,2024,12,28,Saturday,0.54,3682.84
2278,Men,Training,SuperRep Go,L,3,4004.40,0.00,0.00,2025-07-03,Retail,Pune,3638.15,12013.20,False,2025,7,3,Thursday,0.30,4004.40
2279,Women,Lifestyle,Blazer Mid,S,1,6469.59,0.00,0.00,2024-08-03,Retail,Mumbai,766.72,6469.59,False,2024,8,3,Saturday,0.12,6469.59
2281,Kids,Lifestyle,Waffle One,M,2,5745.52,0.00,0.00,2025-07-13,Retail,Kolkata,1753.48,11491.04,False,2025,7,13,Sunday,0.15,5745.52
2282,Men,Running,Free RN,L,4,2553.29,0.26,0.00,2024-11-14,Retail,Mumbai,-1002.46,7557.74,False,2024,11,14,Thursday,-0.13,1889.43
2283,Men,Soccer,Mercurial Superfly,L,1,8504.98,0.00,0.00,2024-08-21,Retail,Delhi,468.59,8504.98,False,2024,8,21,Wednesday,0.06,8504.98
2284,Kids,Soccer,Mercurial Superfly,M,3,6077.13,0.53,0.00,2024-08-10,Online,Kolkata,1370.01,8568.75,False,2024,8,10,Saturday,0.16,2856.25
2286,Women,Lifestyle,Waffle One,L,2,4495.47,0.00,0.00,2024-10-16,Online,Bangalore,2419.09,8990.94,False,2024,10,16,Wednesday,0.27,4495.47
2287,Women,Running,React Infinity,M,3,8500.65,0.00,0.00,2024-10-01,Online,Mumbai,-650.68,25501.95,False,2024,10,1,Tuesday,-0.03,8500.65
2288,Women,Training,ZoomX Invincible,M,2,9213.58,0.25,0.00,2024-08-24,Retail,Hyderabad,1570.91,13820.37,False,2024,8,24,Saturday,0.11,6910.18
2290,Women,Training,Flex Trainer,L,2,6465.53,0.00,0.00,2024-10-20,Online,Kolkata,546.66,12931.06,False,2024,10,20,Sunday,0.04,6465.53
2292,Women,Running,Free RN,M,2,4690.15,0.00,0.00,2024-05-11,Online,Kolkata,1192.50,9380.30,False,2024,5,11,Saturday,0.13,4690.15
2293,Women,Basketball,Air Jordan,XL,3,5663.94,0.00,0.00,2025-05-13,Retail,Mumbai,2525.87,16991.82,False,2025,5,13,Tuesday,0.15,5663.94
2012,Women,Soccer,Phantom GT,L,2,9212.82,0.00,0.00,2024-01-09,Retail,Hyderabad,-914.59,18425.64,False,2024,1,9,Tuesday,-0.05,9212.82
2296,Women,Soccer,Phantom GT,M,1,6077.13,0.00,0.00,2024-08-15,Online,Delhi,-1188.86,6077.13,False,2024,8,15,Thursday,-0.20,6077.13
2297,Kids,Basketball,LeBron 20,M,3,6356.31,0.74,0.00,2024-12-31,Online,Pune,454.97,4957.92,False,2024,12,31,Tuesday,0.09,1652.64
2298,Men,Training,SuperRep Go,L,2,5571.14,0.49,0.00,2025-11-06,Retail,Kolkata,3445.50,5682.56,False,2025,11,6,Thursday,0.61,2841.28
2300,Men,Basketball,Air Jordan,L,3,6331.64,0.78,4178.88,2024-08-17,Retail,Delhi,3380.28,4178.88,False,2024,8,17,Saturday,0.81,1392.96
2301,Men,Soccer,Mercurial Superfly,XL,3,7982.20,0.00,0.00,2024-12-29,Online,Pune,-505.58,27937.70,False,2024,12,29,Sunday,-0.02,9312.57
2303,Kids,Running,Free RN,L,2,2504.09,0.00,0.00,2024-12-24,Retail,Hyderabad,2971.55,5008.18,False,2024,12,24,Tuesday,0.59,2504.09
2304,Men,Training,Flex Trainer,L,2,6983.68,0.00,0.00,2024-11-28,Online,Hyderabad,2055.87,13967.36,False,2024,11,28,Thursday,0.15,6983.68
2305,Kids,Running,Pegasus Turbo,L,2,4803.70,0.08,0.00,2024-10-01,Retail,Mumbai,2794.61,8838.81,False,2024,10,1,Tuesday,0.32,4419.40
2306,Kids,Basketball,Air Jordan,M,1,8267.56,0.29,5869.97,2024-11-10,Retail,Bangalore,476.25,5869.97,False,2024,11,10,Sunday,0.08,5869.97
2307,Women,Running,Free RN,XL,2,9369.10,0.00,0.00,2025-06-18,Retail,Kolkata,2390.70,18738.20,False,2025,6,18,Wednesday,0.13,9369.10
2004,Kids,Lifestyle,Dunk Low,M,4,6077.13,0.60,0.00,2025-02-23,Retail,Bangalore,-276.83,9723.41,False,2025,2,23,Sunday,-0.03,2430.85
2310,Men,Running,Air Zoom,XL,1,5614.96,0.00,0.00,2025-04-02,Online,Kolkata,-1061.45,8422.44,False,2025,4,2,Wednesday,-0.13,8422.44
2026,Women,Training,Flex Trainer,M,4,8421.25,0.26,0.00,2024-09-25,Online,Delhi,495.62,24926.89,False,2024,9,25,Wednesday,0.02,6231.72
2312,Kids,Soccer,Premier III,M,3,8412.75,0.00,0.00,2024-09-30,Online,Bangalore,249.56,29444.61,False,2024,9,30,Monday,0.01,9814.87
2314,Women,Soccer,Mercurial Superfly,M,2,6077.13,0.86,0.00,2024-09-12,Retail,Mumbai,1505.11,1701.60,False,2024,9,12,Thursday,0.88,850.80
2315,Men,Basketball,Kyrie Flytrap,M,2,9149.88,0.71,0.00,2024-12-11,Retail,Hyderabad,143.06,5306.93,False,2024,12,11,Wednesday,0.03,2653.47
2316,Men,Soccer,Phantom GT,M,1,7398.98,0.39,0.00,2024-12-10,Retail,Delhi,3862.60,4513.38,False,2024,12,10,Tuesday,0.86,4513.38
2317,Men,Training,Flex Trainer,M,2,9695.44,0.00,0.00,2024-09-13,Online,Kolkata,32.45,19390.88,False,2024,9,13,Friday,0.00,9695.44
2318,Men,Soccer,Phantom GT,L,2,7398.98,0.25,0.00,2025-04-04,Retail,Delhi,1894.17,11098.47,False,2025,4,4,Friday,0.17,5549.23
2320,Kids,Running,Pegasus Turbo,XL,1,4033.28,0.00,0.00,2025-01-23,Retail,Hyderabad,1265.74,4033.28,False,2025,1,23,Thursday,0.31,4033.28
2321,Men,Lifestyle,Dunk Low,M,3,7394.04,0.00,0.00,2024-06-10,Online,Mumbai,-362.47,22182.12,False,2024,6,10,Monday,-0.02,7394.04
2323,Men,Lifestyle,Dunk Low,L,4,6537.29,0.00,0.00,2025-05-01,Online,Bangalore,-453.11,26149.16,False,2025,5,1,Thursday,-0.02,6537.29
2326,Women,Lifestyle,Dunk Low,XL,4,9936.94,0.00,0.00,2024-10-12,Retail,Kolkata,2047.65,39747.76,False,2024,10,12,Saturday,0.05,9936.94
2327,Men,Training,Flex Trainer,XL,4,6640.67,0.00,0.00,2025-03-21,Retail,Delhi,3402.41,26562.68,False,2025,3,21,Friday,0.13,6640.67
2328,Men,Lifestyle,Waffle One,S,2,6449.46,0.29,9158.23,2024-09-11,Online,Mumbai,39.69,9158.23,False,2024,9,11,Wednesday,0.00,4579.12
2329,Men,Basketball,Kyrie Flytrap,L,4,4981.26,0.00,0.00,2025-05-06,Online,Mumbai,1833.07,19925.04,False,2025,5,6,Tuesday,0.09,4981.26
2330,Women,Training,Flex Trainer,XL,3,5459.99,0.06,0.00,2024-10-22,Online,Mumbai,-648.08,17963.37,False,2024,10,22,Tuesday,-0.04,5987.79
2331,Kids,Basketball,Kyrie Flytrap,L,2,9023.07,0.00,0.00,2024-11-23,Retail,Mumbai,-304.92,18046.14,False,2024,11,23,Saturday,-0.02,9023.07
2333,Kids,Running,Free RN,L,1,4638.25,0.00,0.00,2025-01-23,Online,Hyderabad,-614.06,4638.25,False,2025,1,23,Thursday,-0.13,4638.25
2334,Women,Training,SuperRep Go,L,4,3905.11,0.82,0.00,2024-06-06,Retail,Mumbai,-80.25,2811.68,False,2024,6,6,Thursday,-0.03,702.92
2336,Kids,Soccer,Mercurial Superfly,M,4,8482.43,0.00,0.00,2023-10-22,Online,Pune,3854.71,33929.72,False,2023,10,22,Sunday,0.11,8482.43
2337,Women,Training,SuperRep Go,L,4,7574.10,0.00,0.00,2024-10-17,Online,Pune,3186.84,30296.40,False,2024,10,17,Thursday,0.11,7574.10
2338,Women,Soccer,Premier III,XL,4,2422.97,0.00,0.00,2024-12-10,Retail,Delhi,3529.93,9691.88,False,2024,12,10,Tuesday,0.36,2422.97
2339,Women,Basketball,LeBron 20,L,4,3263.64,0.00,0.00,2024-01-08,Retail,Kolkata,3196.02,13054.56,False,2024,1,8,Monday,0.24,3263.64
2340,Women,Running,Free RN,S,3,5620.64,0.91,0.00,2024-08-07,Online,Mumbai,-425.99,1517.57,False,2024,8,7,Wednesday,-0.28,505.86
2341,Women,Lifestyle,Waffle One,L,4,9292.33,0.00,0.00,2025-04-22,Online,Hyderabad,-280.18,37169.32,False,2025,4,22,Tuesday,-0.01,9292.33
2342,Women,Training,Metcon 7,XL,2,4819.76,0.00,0.00,2024-08-19,Retail,Kolkata,3463.09,9639.52,False,2024,8,19,Monday,0.36,4819.76
2346,Men,Soccer,Phantom GT,S,2,6320.59,0.93,0.00,2025-07-11,Retail,Mumbai,324.45,884.88,False,2025,7,11,Friday,0.37,442.44
2347,Men,Training,Flex Trainer,L,1,9653.35,0.00,0.00,2024-09-21,Retail,Bangalore,3511.89,9653.35,False,2024,9,21,Saturday,0.36,9653.35
2348,Kids,Training,Metcon 7,XL,2,6591.41,0.00,0.00,2025-04-29,Retail,Delhi,2604.68,13182.82,False,2025,4,29,Tuesday,0.20,6591.41
2349,Kids,Soccer,Tiempo Legend,L,3,5148.80,0.00,0.00,2023-10-25,Online,Delhi,-902.62,15446.40,False,2023,10,25,Wednesday,-0.06,5148.80
2350,Men,Running,Air Zoom,M,4,8228.88,0.00,0.00,2025-03-21,Retail,Delhi,2494.50,32915.52,False,2025,3,21,Friday,0.08,8228.88
2351,Men,Basketball,LeBron 20,L,3,4179.34,0.00,0.00,2024-07-29,Retail,Pune,2363.69,12538.02,False,2024,7,29,Monday,0.19,4179.34
2352,Men,Basketball,LeBron 20,M,2,9872.08,0.00,0.00,2025-03-24,Online,Bangalore,599.21,19744.16,False,2025,3,24,Monday,0.03,9872.08
2355,Women,Lifestyle,Waffle One,L,1,4233.61,0.00,0.00,2024-07-26,Retail,Bangalore,-887.83,4233.61,False,2024,7,26,Friday,-0.21,4233.61
2356,Men,Basketball,Air Jordan,L,2,5484.20,0.00,0.00,2025-02-17,Retail,Pune,543.26,10968.41,False,2025,2,17,Monday,0.05,5484.20
2357,Women,Lifestyle,Air Force 1,M,1,6640.07,0.00,0.00,2025-04-28,Retail,Bangalore,-1199.32,6640.07,False,2025,4,28,Monday,-0.18,6640.07
2358,Men,Basketball,LeBron 20,M,4,6077.13,0.00,0.00,2025-02-24,Online,Pune,1819.60,24308.52,False,2025,2,24,Monday,0.07,6077.13
2362,Women,Lifestyle,Blazer Mid,XL,2,8359.07,0.00,0.00,2024-12-09,Online,Bangalore,3817.26,16718.14,False,2024,12,9,Monday,0.23,8359.07
2363,Kids,Running,Pegasus Turbo,XL,1,5419.15,0.00,0.00,2025-01-07,Retail,Hyderabad,-597.61,5419.15,False,2025,1,7,Tuesday,-0.11,5419.15
2364,Women,Lifestyle,Dunk Low,M,2,6077.13,0.27,0.00,2024-03-22,Online,Delhi,1414.23,8872.61,False,2024,3,22,Friday,0.16,4436.30
2365,Women,Running,React Infinity,L,4,9625.95,0.00,0.00,2024-08-17,Online,Hyderabad,3555.61,38503.82,False,2024,8,17,Saturday,0.09,9625.95
2366,Kids,Lifestyle,Waffle One,M,2,5453.77,0.63,0.00,2025-05-08,Retail,Bangalore,3737.47,4035.79,False,2025,5,8,Thursday,0.93,2017.89
2367,Kids,Lifestyle,Dunk Low,XL,4,6202.99,0.84,3969.91,2024-11-12,Online,Bangalore,-202.12,3969.91,False,2024,11,12,Tuesday,-0.05,992.48
2368,Women,Lifestyle,Waffle One,L,2,5582.98,0.00,0.00,2023-08-04,Retail,Delhi,2369.28,13957.45,False,2023,8,4,Friday,0.17,6978.72
2370,Men,Running,Pegasus Turbo,L,2,3315.29,0.00,0.00,2025-02-04,Online,Delhi,867.37,6630.58,False,2025,2,4,Tuesday,0.13,3315.29
2371,Kids,Training,Flex Trainer,M,1,5732.59,0.05,0.00,2025-04-15,Online,Kolkata,3424.65,5445.96,False,2025,4,15,Tuesday,0.63,5445.96
2372,Men,Running,Free RN,XL,2,7624.86,0.00,0.00,2025-05-23,Online,Kolkata,3365.96,15249.72,False,2025,5,23,Friday,0.22,7624.86
2373,Women,Lifestyle,Air Force 1,XL,2,8637.25,0.35,0.00,2024-09-22,Retail,Kolkata,2738.82,11228.43,False,2024,9,22,Sunday,0.24,5614.21
2376,Men,Lifestyle,Dunk Low,XL,2,3718.82,0.88,0.00,2024-10-03,Online,Delhi,-234.66,892.52,False,2024,10,3,Thursday,-0.26,446.26
2377,Men,Basketball,LeBron 20,L,4,4393.51,0.00,0.00,2025-02-07,Online,Mumbai,2438.24,17574.02,False,2025,2,7,Friday,0.14,4393.51
2379,Men,Lifestyle,Air Force 1,L,4,6077.13,0.00,0.00,2024-04-09,Online,Mumbai,3289.77,24308.52,False,2024,4,9,Tuesday,0.14,6077.13
2380,Men,Soccer,Phantom GT,M,1,7932.85,0.00,0.00,2024-09-12,Retail,Delhi,2707.27,7932.85,False,2024,9,12,Thursday,0.34,7932.85
2381,Kids,Lifestyle,Dunk Low,M,3,4834.65,0.00,14503.95,2024-10-12,Retail,Pune,213.96,14503.95,False,2024,10,12,Saturday,0.01,4834.65
2382,Men,Lifestyle,Waffle One,L,4,6547.03,0.00,0.00,2024-03-09,Retail,Mumbai,787.42,26188.14,False,2024,3,9,Saturday,0.03,6547.03
2384,Women,Training,SuperRep Go,L,3,2070.97,0.00,6212.91,2024-05-09,Online,Delhi,42.89,6212.91,False,2024,5,9,Thursday,0.01,2070.97
2385,Men,Training,Metcon 7,L,2,6077.13,0.00,0.00,2024-03-10,Retail,Delhi,1443.09,12154.26,False,2024,3,10,Sunday,0.12,6077.13
2386,Men,Basketball,Kyrie Flytrap,M,3,2271.77,0.00,0.00,2025-07-13,Online,Pune,2029.55,6815.31,False,2025,7,13,Sunday,0.30,2271.77
2387,Women,Basketball,Kyrie Flytrap,M,3,6077.13,0.00,0.00,2024-09-21,Online,Pune,1042.09,18231.39,False,2024,9,21,Saturday,0.06,6077.13
2388,Kids,Running,Air Zoom,L,1,5321.46,0.00,0.00,2024-09-02,Retail,Bangalore,2587.26,5321.46,False,2024,9,2,Monday,0.49,5321.46
2002,Women,Training,ZoomX Invincible,XL,4,6820.42,0.00,0.00,2024-10-03,Retail,Kolkata,3842.85,27281.68,False,2024,10,3,Thursday,0.14,6820.42
2392,Kids,Basketball,Zoom Freak,XL,3,8631.03,0.00,0.00,2025-05-26,Retail,Bangalore,1356.18,25893.09,False,2025,5,26,Monday,0.05,8631.03
2050,Kids,Training,ZoomX Invincible,L,2,6077.13,0.00,0.00,2024-06-08,Retail,Hyderabad,4.76,12154.26,False,2024,6,8,Saturday,0.00,6077.13
2394,Kids,Lifestyle,Air Force 1,XL,3,5439.81,0.20,0.00,2023-08-18,Online,Delhi,-133.03,13055.54,False,2023,8,18,Friday,-0.01,4351.85
2395,Kids,Soccer,Premier III,XL,1,5366.19,0.00,0.00,2025-07-08,Online,Pune,85.00,5366.19,False,2025,7,8,Tuesday,0.02,5366.19
2396,Men,Basketball,Air Jordan,L,2,5967.92,0.03,0.00,2025-09-06,Retail,Pune,859.93,11577.76,False,2025,9,6,Saturday,0.07,5788.88
2397,Men,Soccer,Phantom GT,XL,2,6320.59,0.00,0.00,2023-12-27,Retail,Mumbai,3996.96,12641.18,False,2023,12,27,Wednesday,0.32,6320.59
2025,Kids,Training,ZoomX Invincible,XL,4,6743.07,0.00,0.00,2024-10-09,Online,Pune,-277.41,26972.28,False,2024,10,9,Wednesday,-0.01,6743.07
2402,Kids,Running,React Infinity,M,3,6437.85,0.00,0.00,2025-03-09,Online,Mumbai,1231.30,19313.55,False,2025,3,9,Sunday,0.06,6437.85
2403,Women,Running,React Infinity,XL,3,4885.29,0.00,0.00,2024-08-24,Retail,Delhi,1309.54,14655.87,False,2024,8,24,Saturday,0.09,4885.29
2404,Men,Lifestyle,Blazer Mid,XL,3,6077.13,0.09,0.00,2024-01-25,Online,Pune,-501.36,16590.56,False,2024,1,25,Thursday,-0.03,5530.19
2405,Men,Basketball,Kyrie Flytrap,S,1,3953.13,0.00,0.00,2024-11-17,Online,Kolkata,69.95,3953.13,False,2024,11,17,Sunday,0.02,3953.13
2406,Men,Training,Metcon 7,L,4,6458.72,0.00,0.00,2023-09-17,Online,Mumbai,402.00,25834.88,False,2023,9,17,Sunday,0.02,6458.72
2407,Kids,Running,Free RN,S,2,9193.15,0.00,0.00,2023-12-30,Online,Kolkata,521.77,18386.30,False,2023,12,30,Saturday,0.03,9193.15
2408,Men,Soccer,Premier III,XL,1,7323.53,0.00,0.00,2024-10-09,Retail,Bangalore,1731.86,7323.53,False,2024,10,9,Wednesday,0.24,7323.53
2409,Men,Basketball,Zoom Freak,M,3,9153.02,0.00,0.00,2025-01-19,Retail,Bangalore,2993.72,27459.06,False,2025,1,19,Sunday,0.11,9153.02
2410,Kids,Basketball,Air Jordan,L,3,9405.77,0.00,0.00,2025-03-27,Retail,Hyderabad,1344.49,28217.31,False,2025,3,27,Thursday,0.05,9405.77
2025,Men,Lifestyle,Blazer Mid,L,1,8903.17,0.00,0.00,2024-10-19,Retail,Kolkata,3808.81,8903.17,False,2024,10,19,Saturday,0.43,8903.17
2412,Kids,Lifestyle,Blazer Mid,XL,1,4920.30,0.14,4231.46,2024-10-13,Retail,Mumbai,1135.72,4231.46,False,2024,10,13,Sunday,0.27,4231.46
2413,Men,Training,Flex Trainer,XL,3,7005.67,0.15,17864.46,2025-01-03,Retail,Kolkata,2329.98,17864.46,False,2025,1,3,Friday,0.13,5954.82
2414,Women,Basketball,Air Jordan,XL,2,8141.80,0.00,0.00,2024-01-25,Online,Hyderabad,-829.35,16283.60,False,2024,1,25,Thursday,-0.05,8141.80
2415,Women,Running,Free RN,M,3,6178.39,0.00,0.00,2024-07-22,Retail,Bangalore,73.75,18535.17,False,2024,7,22,Monday,0.00,6178.39
2416,Kids,Soccer,Mercurial Superfly,M,3,6245.23,0.00,18735.69,2024-12-14,Retail,Mumbai,3485.64,18735.69,False,2024,12,14,Saturday,0.19,6245.23
2417,Men,Lifestyle,Dunk Low,M,4,8293.38,0.00,0.00,2024-12-29,Retail,Bangalore,1727.06,33173.52,False,2024,12,29,Sunday,0.05,8293.38
2418,Men,Soccer,Phantom GT,XL,2,9288.75,0.54,0.00,2025-04-29,Retail,Mumbai,3110.43,8545.65,False,2025,4,29,Tuesday,0.36,4272.82
2419,Men,Lifestyle,Dunk Low,L,2,8738.99,0.47,0.00,2024-07-14,Online,Hyderabad,2868.49,9263.33,False,2024,7,14,Sunday,0.31,4631.66
2420,Kids,Basketball,Zoom Freak,M,3,8426.54,0.00,0.00,2024-04-11,Online,Hyderabad,1664.60,25279.62,False,2024,4,11,Thursday,0.07,8426.54
2421,Women,Running,React Infinity,M,2,8136.39,0.00,0.00,2025-03-10,Retail,Pune,3398.15,16272.78,False,2025,3,10,Monday,0.21,8136.39
2422,Kids,Soccer,Tiempo Legend,L,4,4277.51,0.00,0.00,2024-07-23,Retail,Mumbai,3044.66,17110.04,False,2024,7,23,Tuesday,0.18,4277.51
2025,Kids,Training,Flex Trainer,L,4,4554.97,0.00,0.00,2025-03-05,Retail,Hyderabad,2802.10,18219.88,False,2025,3,5,Wednesday,0.15,4554.97
2424,Women,Basketball,Air Jordan,L,1,7634.65,0.00,0.00,2024-01-08,Online,Kolkata,1749.80,7634.65,False,2024,1,8,Monday,0.23,7634.65
2425,Kids,Training,ZoomX Invincible,XL,2,7882.99,0.38,0.00,2024-12-30,Online,Bangalore,3058.78,9774.90,False,2024,12,30,Monday,0.31,4887.45
2426,Kids,Lifestyle,Dunk Low,M,2,2278.67,0.56,0.00,2025-05-03,Retail,Pune,-72.52,2005.23,False,2025,5,3,Saturday,-0.04,1002.61
2427,Men,Running,Pegasus Turbo,S,2,2904.11,0.00,0.00,2025-06-13,Online,Delhi,1683.98,5808.22,False,2025,6,13,Friday,0.29,2904.11
2428,Kids,Basketball,Kyrie Flytrap,XL,2,6265.09,0.00,0.00,2024-07-12,Retail,Mumbai,427.51,12530.19,False,2024,7,12,Friday,0.03,6265.09
2429,Kids,Lifestyle,Dunk Low,L,3,6077.13,0.00,0.00,2025-05-25,Online,Mumbai,550.48,18231.39,False,2025,5,25,Sunday,0.03,6077.13
2430,Women,Soccer,Tiempo Legend,XL,3,8655.46,0.10,0.00,2025-07-09,Online,Pune,215.30,23369.74,False,2025,7,9,Wednesday,0.01,7789.91
2431,Women,Lifestyle,Blazer Mid,L,1,6077.13,0.00,0.00,2024-11-15,Online,Hyderabad,1627.78,6077.13,False,2024,11,15,Friday,0.27,6077.13
2433,Men,Basketball,Zoom Freak,L,4,7154.83,0.00,0.00,2024-09-21,Retail,Pune,-620.53,28619.32,False,2024,9,21,Saturday,-0.02,7154.83
2435,Kids,Lifestyle,Waffle One,XL,2,5853.58,0.00,0.00,2024-04-01,Retail,Kolkata,2378.82,11707.16,False,2024,4,1,Monday,0.20,5853.58
2437,Women,Running,Pegasus Turbo,XL,3,6077.13,0.53,0.00,2024-07-31,Retail,Hyderabad,-281.42,8568.75,False,2024,7,31,Wednesday,-0.03,2856.25
2438,Men,Training,Metcon 7,M,2,9061.25,0.00,0.00,2024-11-24,Retail,Mumbai,2965.39,18122.50,False,2024,11,24,Sunday,0.16,9061.25
2441,Women,Training,Metcon 7,XL,3,8609.77,0.00,0.00,2024-10-09,Retail,Pune,-219.02,25829.31,False,2024,10,9,Wednesday,-0.01,8609.77
2442,Men,Soccer,Tiempo Legend,L,2,5195.11,0.04,0.00,2025-01-26,Online,Mumbai,3083.26,12468.26,False,2025,1,26,Sunday,0.25,6234.13
2443,Women,Basketball,LeBron 20,M,1,6271.66,0.00,0.00,2025-03-15,Retail,Mumbai,2449.43,6271.66,False,2025,3,15,Saturday,0.39,6271.66
2444,Women,Lifestyle,Blazer Mid,XL,3,3676.04,0.00,0.00,2025-05-25,Retail,Pune,1621.74,11028.12,False,2025,5,25,Sunday,0.15,3676.04
2445,Women,Basketball,Air Jordan,XL,1,6735.12,0.00,0.00,2024-02-12,Online,Kolkata,141.93,6735.12,False,2024,2,12,Monday,0.02,6735.12
2446,Men,Soccer,Mercurial Superfly,L,3,8062.11,0.00,0.00,2024-08-22,Online,Kolkata,3198.97,24186.33,False,2024,8,22,Thursday,0.13,8062.11
2447,Kids,Lifestyle,Waffle One,XL,3,5793.23,0.00,0.00,2024-05-04,Online,Kolkata,1291.80,17379.69,False,2024,5,4,Saturday,0.07,5793.23
2003,Women,Lifestyle,Waffle One,XL,2,8516.45,0.22,13285.66,2023-09-30,Online,Kolkata,1764.52,13285.66,False,2023,9,30,Saturday,0.13,6642.83
2450,Men,Basketball,Air Jordan,XL,1,7520.63,0.00,0.00,2025-07-19,Online,Kolkata,1786.43,7520.63,False,2025,7,19,Saturday,0.24,7520.63
2451,Kids,Soccer,Premier III,L,2,6077.13,0.54,0.00,2023-11-04,Online,Mumbai,2233.57,5590.96,False,2023,11,4,Saturday,0.40,2795.48
2452,Men,Lifestyle,Dunk Low,XL,4,8780.66,0.00,0.00,2024-07-26,Online,Bangalore,176.96,35122.64,False,2024,7,26,Friday,0.01,8780.66
2453,Women,Running,React Infinity,M,3,9344.52,0.00,0.00,2024-08-19,Online,Pune,387.79,28033.56,False,2024,8,19,Monday,0.01,9344.52
2454,Women,Soccer,Tiempo Legend,XL,2,7680.16,0.19,0.00,2025-02-25,Online,Bangalore,3100.44,15552.32,False,2025,2,25,Tuesday,0.20,7776.16
2455,Women,Training,Metcon 7,L,2,4071.46,0.00,0.00,2025-03-22,Retail,Delhi,2003.31,8142.92,False,2025,3,22,Saturday,0.25,4071.46
2458,Kids,Soccer,Phantom GT,M,2,5943.25,0.00,0.00,2023-12-20,Retail,Pune,573.21,11886.50,False,2023,12,20,Wednesday,0.05,5943.25
2459,Kids,Basketball,Air Jordan,M,2,3572.52,0.00,0.00,2024-04-20,Retail,Kolkata,-404.04,7145.04,False,2024,4,20,Saturday,-0.06,3572.52
2460,Women,Basketball,Zoom Freak,XL,2,5482.96,0.35,7127.85,2024-11-04,Online,Kolkata,-823.80,7127.85,False,2024,11,4,Monday,-0.12,3563.92
2461,Women,Basketball,LeBron 20,L,3,3939.92,0.63,0.00,2024-09-21,Online,Pune,3146.03,4373.31,False,2024,9,21,Saturday,0.72,1457.77
2462,Men,Basketball,Zoom Freak,M,3,4468.70,0.49,0.00,2025-01-23,Retail,Pune,2143.60,6837.11,False,2025,1,23,Thursday,0.31,2279.04
2037,Women,Running,React Infinity,XL,2,8683.80,0.00,0.00,2024-10-04,Online,Delhi,438.39,17367.60,False,2024,10,4,Friday,0.03,8683.80
2464,Women,Lifestyle,Blazer Mid,XL,3,2699.59,0.00,0.00,2024-06-30,Retail,Hyderabad,3507.56,8098.77,False,2024,6,30,Sunday,0.43,2699.59
2465,Kids,Lifestyle,Blazer Mid,S,1,7814.02,0.00,0.00,2025-03-22,Retail,Pune,684.07,7814.02,False,2025,3,22,Saturday,0.09,7814.02
2467,Kids,Training,SuperRep Go,M,1,8484.82,0.00,0.00,2023-11-05,Online,Mumbai,1899.54,8484.82,False,2023,11,5,Sunday,0.22,8484.82
2469,Men,Training,Metcon 7,XL,4,9061.25,0.00,0.00,2025-05-21,Retail,Mumbai,-279.26,36245.00,False,2025,5,21,Wednesday,-0.01,9061.25
2470,Men,Soccer,Mercurial Superfly,L,1,7457.12,0.00,0.00,2024-07-11,Online,Delhi,1099.17,11185.68,False,2024,7,11,Thursday,0.10,11185.68
2471,Men,Basketball,Kyrie Flytrap,L,4,4527.64,0.00,0.00,2024-09-21,Retail,Pune,464.96,18110.56,False,2024,9,21,Saturday,0.03,4527.64
2472,Men,Basketball,LeBron 20,L,3,2255.65,0.00,0.00,2025-04-05,Online,Mumbai,560.70,6766.95,False,2025,4,5,Saturday,0.08,2255.65
2473,Men,Training,ZoomX Invincible,M,2,8752.02,0.00,0.00,2024-10-09,Retail,Pune,283.56,21880.05,False,2024,10,9,Wednesday,0.01,10940.03
2474,Kids,Training,Metcon 7,M,2,8112.55,0.00,0.00,2024-12-21,Retail,Delhi,115.11,16225.09,False,2024,12,21,Saturday,0.01,8112.55
2475,Men,Running,Free RN,L,2,7035.79,0.00,0.00,2025-01-07,Online,Bangalore,3885.97,14071.58,False,2025,1,7,Tuesday,0.28,7035.79
2476,Men,Soccer,Premier III,M,3,6667.47,0.00,0.00,2024-09-01,Retail,Pune,-627.07,23336.15,False,2024,9,1,Sunday,-0.03,7778.72
2477,Women,Training,ZoomX Invincible,M,2,5923.67,0.00,0.00,2024-09-30,Online,Hyderabad,-177.68,11847.34,False,2024,9,30,Monday,-0.01,5923.67
2478,Women,Soccer,Mercurial Superfly,XL,2,4009.47,0.62,0.00,2025-12-05,Online,Pune,-223.40,3047.20,False,2025,12,5,Friday,-0.07,1523.60
2479,Women,Running,Air Zoom,M,4,2708.99,0.00,0.00,2025-04-07,Online,Delhi,952.78,10835.96,False,2025,4,7,Monday,0.09,2708.99
2480,Men,Basketball,Kyrie Flytrap,M,4,4527.64,0.00,0.00,2024-08-20,Retail,Pune,25.18,18110.56,False,2024,8,20,Tuesday,0.00,4527.64
2481,Women,Soccer,Premier III,S,1,9145.37,0.07,8505.19,2025-04-17,Online,Pune,1755.19,8505.19,False,2025,4,17,Thursday,0.21,8505.19
2482,Men,Lifestyle,Air Force 1,XL,3,6077.13,0.00,0.00,2024-09-14,Online,Mumbai,2642.80,18231.39,False,2024,9,14,Saturday,0.14,6077.13
2484,Men,Soccer,Mercurial Superfly,L,1,5308.26,0.00,0.00,2025-10-05,Retail,Bangalore,1189.82,5308.26,False,2025,10,5,Sunday,0.22,5308.26
2485,Kids,Running,Air Zoom,M,4,9307.20,0.00,0.00,2024-12-17,Online,Hyderabad,16.06,37228.80,False,2024,12,17,Tuesday,0.00,9307.20
2486,Kids,Soccer,Mercurial Superfly,M,3,9006.10,0.33,0.00,2024-01-09,Retail,Hyderabad,1332.57,18102.27,False,2024,1,9,Tuesday,0.07,6034.09
2487,Men,Running,Air Zoom,L,3,5881.13,0.80,3528.68,2025-03-31,Online,Hyderabad,2108.40,3528.68,False,2025,3,31,Monday,0.60,1176.23
2488,Kids,Running,Free RN,S,4,6387.51,0.00,0.00,2024-02-13,Retail,Kolkata,300.76,25550.04,False,2024,2,13,Tuesday,0.01,6387.51
2489,Men,Lifestyle,Air Force 1,L,4,5594.08,0.18,0.00,2024-02-10,Retail,Hyderabad,1415.34,18348.58,False,2024,2,10,Saturday,0.08,4587.15
2490,Women,Soccer,Premier III,L,3,5015.19,0.75,3761.39,2024-11-26,Online,Hyderabad,-494.53,3761.39,False,2024,11,26,Tuesday,-0.13,1253.80
2491,Kids,Soccer,Phantom GT,M,2,8998.44,0.00,0.00,2025-05-28,Online,Bangalore,-432.44,22496.10,False,2025,5,28,Wednesday,-0.02,11248.05
2492,Kids,Basketball,LeBron 20,L,3,3588.38,0.00,0.00,2024-01-08,Online,Kolkata,473.22,12559.33,False,2024,1,8,Monday,0.04,4186.44
2493,Women,Soccer,Premier III,L,3,6042.94,0.00,0.00,2024-11-26,Retail,Kolkata,1659.75,18128.82,False,2024,11,26,Tuesday,0.09,6042.94
2494,Kids,Lifestyle,Dunk Low,M,2,7319.48,0.00,0.00,2024-11-20,Retail,Mumbai,1007.70,14638.96,False,2024,11,20,Wednesday,0.07,7319.48
2495,Kids,Basketball,LeBron 20,M,3,6745.63,0.00,0.00,2025-01-20,Retail,Bangalore,36.16,20236.89,False,2025,1,20,Monday,0.00,6745.63
2496,Kids,Running,React Infinity,M,2,4110.72,0.32,5590.58,2024-12-24,Retail,Bangalore,3894.95,5590.58,False,2024,12,24,Tuesday,0.70,2795.29
2497,Kids,Basketball,Air Jordan,XL,1,2809.80,0.00,0.00,2023-11-29,Online,Mumbai,2592.98,2809.80,False,2023,11,29,Wednesday,0.92,2809.80
2498,Kids,Training,ZoomX Invincible,L,2,6077.13,0.00,0.00,2025-01-06,Retail,Pune,1574.98,15192.83,False,2025,1,6,Monday,0.10,7596.41
2499,Women,Soccer,Premier III,L,2,8347.87,0.00,0.00,2024-06-07,Retail,Hyderabad,1488.30,20869.68,False,2024,6,7,Friday,0.07,10434.84
2501,Women,Lifestyle,Air Force 1,L,2,6453.36,0.00,0.00,2025-04-06,Retail,Kolkata,2321.06,12906.72,False,2025,4,6,Sunday,0.18,6453.36
2504,Men,Basketball,Zoom Freak,L,3,3844.82,0.00,0.00,2025-04-19,Online,Hyderabad,-278.07,11534.46,False,2025,4,19,Saturday,-0.02,3844.82
2505,Women,Running,Free RN,M,4,3554.76,0.00,0.00,2025-03-07,Online,Bangalore,3748.24,14219.04,False,2025,3,7,Friday,0.26,3554.76
2506,Men,Training,SuperRep Go,XL,3,2225.73,0.00,0.00,2025-05-27,Online,Delhi,276.63,6677.19,False,2025,5,27,Tuesday,0.04,2225.73
2507,Men,Soccer,Phantom GT,L,2,4575.70,0.00,0.00,2024-03-13,Retail,Hyderabad,2116.53,9151.40,False,2024,3,13,Wednesday,0.23,4575.70
2508,Kids,Soccer,Premier III,XL,1,6077.13,0.00,0.00,2024-08-22,Retail,Kolkata,1811.51,6077.13,False,2024,8,22,Thursday,0.30,6077.13
2509,Men,Running,React Infinity,L,2,5732.39,0.00,0.00,2024-11-23,Online,Bangalore,1086.09,11464.77,False,2024,11,23,Saturday,0.09,5732.39
2512,Men,Training,Metcon 7,M,2,6110.96,0.00,0.00,2025-01-03,Online,Kolkata,3074.69,15277.40,False,2025,1,3,Friday,0.20,7638.70
2513,Women,Basketball,Zoom Freak,XL,4,9848.80,0.00,0.00,2024-10-11,Online,Pune,2764.66,39395.20,False,2024,10,11,Friday,0.07,9848.80
2514,Kids,Basketball,Air Jordan,M,1,6975.67,0.00,0.00,2025-05-26,Online,Bangalore,1790.41,6975.67,False,2025,5,26,Monday,0.26,6975.67
2515,Women,Training,SuperRep Go,L,1,7532.24,0.00,0.00,2024-10-09,Retail,Pune,1060.53,7532.24,False,2024,10,9,Wednesday,0.14,7532.24
2516,Kids,Running,React Infinity,M,3,4128.35,0.00,0.00,2024-01-21,Online,Pune,157.65,12385.05,False,2024,1,21,Sunday,0.01,4128.35
2517,Men,Lifestyle,Air Force 1,S,1,3059.89,0.00,0.00,2024-08-01,Online,Hyderabad,1968.82,3059.89,False,2024,8,1,Thursday,0.64,3059.89
2518,Women,Basketball,Air Jordan,L,3,6077.13,0.00,0.00,2024-07-03,Retail,Delhi,-703.61,18231.39,False,2024,7,3,Wednesday,-0.04,6077.13
2519,Women,Running,React Infinity,L,4,9701.72,0.00,0.00,2024-11-10,Online,Hyderabad,-835.82,38806.88,False,2024,11,10,Sunday,-0.02,9701.72
2520,Kids,Soccer,Mercurial Superfly,L,4,6077.13,0.14,0.00,2025-09-05,Online,Bangalore,-945.88,20905.33,False,2025,9,5,Friday,-0.05,5226.33
2521,Kids,Lifestyle,Blazer Mid,M,4,3645.35,0.00,0.00,2024-09-25,Online,Kolkata,3265.83,14581.40,False,2024,9,25,Wednesday,0.22,3645.35
2522,Men,Running,Pegasus Turbo,XL,4,6243.91,0.00,0.00,2024-02-13,Retail,Kolkata,-199.13,24975.64,False,2024,2,13,Tuesday,-0.01,6243.91
2523,Men,Basketball,LeBron 20,M,3,7007.60,0.00,0.00,2024-07-08,Retail,Kolkata,2068.49,21022.80,False,2024,7,8,Monday,0.10,7007.60
2524,Women,Lifestyle,Air Force 1,XL,2,6077.13,0.00,0.00,2024-11-21,Online,Kolkata,997.53,15192.83,False,2024,11,21,Thursday,0.07,7596.41
2525,Women,Training,Metcon 7,XL,2,4819.76,0.00,0.00,2025-02-18,Retail,Kolkata,3453.18,9639.52,False,2025,2,18,Tuesday,0.36,4819.76
2526,Kids,Lifestyle,Waffle One,L,1,6077.13,0.00,0.00,2024-08-01,Retail,Hyderabad,3188.07,6077.13,False,2024,8,1,Thursday,0.52,6077.13
2527,Men,Lifestyle,Air Force 1,XL,3,7408.91,0.00,0.00,2024-03-18,Online,Delhi,-138.78,22226.73,False,2024,3,18,Monday,-0.01,7408.91
2528,Women,Training,ZoomX Invincible,L,2,4392.78,0.00,0.00,2025-10-06,Online,Delhi,134.10,8785.56,False,2025,10,6,Monday,0.02,4392.78
2529,Men,Running,React Infinity,XL,4,6331.97,0.00,0.00,2024-02-13,Online,Kolkata,3008.62,25327.88,False,2024,2,13,Tuesday,0.12,6331.97
2530,Women,Lifestyle,Dunk Low,M,2,4357.79,0.00,0.00,2025-02-27,Retail,Mumbai,3936.13,8715.58,False,2025,2,27,Thursday,0.45,4357.79
2531,Men,Soccer,Premier III,XL,3,6077.13,0.00,0.00,2025-09-04,Online,Hyderabad,2875.41,18231.39,False,2025,9,4,Thursday,0.16,6077.13
2532,Men,Soccer,Tiempo Legend,L,2,6647.60,0.00,0.00,2025-04-17,Retail,Bangalore,72.78,13295.20,False,2025,4,17,Thursday,0.01,6647.60
2533,Women,Training,Flex Trainer,L,3,5459.99,0.00,0.00,2024-01-31,Online,Mumbai,2155.46,19109.97,False,2024,1,31,Wednesday,0.11,6369.99
2534,Women,Training,SuperRep Go,M,4,7574.10,0.00,0.00,2024-10-09,Online,Pune,506.26,30296.40,False,2024,10,9,Wednesday,0.02,7574.10
2535,Men,Soccer,Tiempo Legend,XL,2,2786.84,0.21,4403.21,2025-01-25,Online,Mumbai,3345.36,4403.21,False,2025,1,25,Saturday,0.76,2201.60
2536,Kids,Running,Air Zoom,M,2,2221.78,0.55,0.00,2024-02-10,Retail,Delhi,-1091.66,1999.60,False,2024,2,10,Saturday,-0.55,999.80
2537,Women,Lifestyle,Waffle One,M,2,4233.61,0.00,0.00,2025-05-30,Retail,Bangalore,2596.80,8467.23,False,2025,5,30,Friday,0.31,4233.61
2538,Men,Lifestyle,Waffle One,L,2,9701.24,0.00,0.00,2024-10-06,Retail,Kolkata,223.82,19402.48,False,2024,10,6,Sunday,0.01,9701.24
2539,Women,Running,Free RN,L,4,3554.76,0.00,0.00,2025-02-26,Online,Bangalore,3748.73,14219.04,False,2025,2,26,Wednesday,0.26,3554.76
2540,Women,Lifestyle,Air Force 1,L,3,8794.64,0.00,0.00,2025-01-09,Online,Mumbai,-938.07,26383.92,False,2025,1,9,Thursday,-0.04,8794.64
2541,Kids,Running,React Infinity,M,3,7170.91,0.00,0.00,2025-05-19,Retail,Mumbai,-1180.11,21512.73,False,2025,5,19,Monday,-0.05,7170.91
2542,Kids,Running,React Infinity,XL,2,5144.57,0.18,0.00,2025-01-23,Retail,Hyderabad,-1115.89,8437.09,False,2025,1,23,Thursday,-0.13,4218.54
2543,Women,Lifestyle,Waffle One,L,1,4492.46,0.00,0.00,2024-08-01,Retail,Hyderabad,-244.09,4492.46,False,2024,8,1,Thursday,-0.05,4492.46
2544,Men,Training,ZoomX Invincible,L,2,8856.07,0.00,0.00,2024-12-21,Online,Bangalore,2069.93,17712.14,False,2024,12,21,Saturday,0.12,8856.07
2545,Men,Training,Metcon 7,L,3,2855.37,0.00,0.00,2025-04-26,Retail,Bangalore,924.07,8566.11,False,2025,4,26,Saturday,0.11,2855.37
2546,Kids,Training,ZoomX Invincible,XL,2,5179.57,0.00,0.00,2024-03-10,Retail,Bangalore,2084.99,12948.92,False,2024,3,10,Sunday,0.16,6474.46
2547,Women,Soccer,Mercurial Superfly,M,1,3068.13,0.00,0.00,2025-08-07,Retail,Kolkata,-586.29,3068.13,False,2025,8,7,Thursday,-0.19,3068.13
2548,Kids,Running,Pegasus Turbo,L,2,9557.00,0.00,0.00,2025-04-23,Online,Delhi,3847.47,19114.00,False,2025,4,23,Wednesday,0.20,9557.00
2549,Men,Training,Flex Trainer,XL,2,4366.09,0.00,0.00,2024-10-14,Retail,Delhi,1696.10,10915.23,False,2024,10,14,Monday,0.16,5457.61
2550,Men,Soccer,Premier III,XL,1,6121.21,0.05,5815.15,2023-09-08,Online,Kolkata,2470.08,5815.15,False,2023,9,8,Friday,0.42,5815.15
2551,Men,Training,ZoomX Invincible,XL,2,8897.19,0.00,0.00,2024-12-21,Retail,Mumbai,853.25,22242.98,False,2024,12,21,Saturday,0.04,11121.49
2552,Women,Soccer,Premier III,L,1,8347.87,0.41,0.00,2025-03-05,Retail,Hyderabad,3389.34,4925.24,False,2025,3,5,Wednesday,0.69,4925.24
2553,Kids,Basketball,Kyrie Flytrap,L,4,6708.16,0.00,0.00,2025-02-24,Online,Delhi,-739.72,26832.64,False,2025,2,24,Monday,-0.03,6708.16
2554,Women,Training,Flex Trainer,M,1,6755.56,0.00,0.00,2025-01-13,Retail,Bangalore,1002.19,6755.56,False,2025,1,13,Monday,0.15,6755.56
2555,Women,Basketball,Kyrie Flytrap,S,2,2685.95,0.00,0.00,2025-04-19,Retail,Hyderabad,3675.97,5371.90,False,2025,4,19,Saturday,0.68,2685.95
2556,Kids,Lifestyle,Air Force 1,L,1,6066.50,0.00,0.00,2024-10-19,Retail,Kolkata,1327.26,6066.50,False,2024,10,19,Saturday,0.22,6066.50
2557,Men,Basketball,LeBron 20,M,3,2992.37,0.00,0.00,2024-09-11,Retail,Kolkata,1115.74,8977.11,False,2024,9,11,Wednesday,0.12,2992.37
2559,Men,Lifestyle,Air Force 1,S,3,6011.84,0.00,0.00,2025-02-10,Online,Kolkata,-99.73,18035.52,False,2025,2,10,Monday,-0.01,6011.84
2560,Kids,Basketball,Zoom Freak,M,2,6119.49,0.00,0.00,2025-01-16,Retail,Delhi,3493.16,12238.97,False,2025,1,16,Thursday,0.29,6119.49
2561,Women,Soccer,Tiempo Legend,XL,2,3642.21,0.00,0.00,2024-03-25,Online,Bangalore,3900.70,9105.52,False,2024,3,25,Monday,0.43,4552.76
2562,Kids,Training,ZoomX Invincible,L,1,9335.00,0.00,0.00,2024-12-21,Retail,Mumbai,-79.10,9335.00,False,2024,12,21,Saturday,-0.01,9335.00
2563,Men,Soccer,Mercurial Superfly,M,2,9443.35,0.54,8687.88,2025-04-13,Retail,Kolkata,2706.61,8687.88,False,2025,4,13,Sunday,0.31,4343.94
2564,Women,Basketball,LeBron 20,M,1,9015.65,0.72,0.00,2023-08-07,Online,Delhi,1279.03,2524.38,False,2023,8,7,Monday,0.51,2524.38
2565,Women,Lifestyle,Dunk Low,XL,4,3028.41,0.00,0.00,2024-09-18,Online,Mumbai,1754.48,12113.64,False,2024,9,18,Wednesday,0.14,3028.41
2029,Women,Running,React Infinity,L,1,7518.66,0.00,0.00,2024-12-16,Retail,Kolkata,2543.37,7518.66,False,2024,12,16,Monday,0.34,7518.66
2567,Women,Running,Air Zoom,M,3,5216.27,0.00,0.00,2024-09-15,Online,Pune,1162.30,15648.81,False,2024,9,15,Sunday,0.07,5216.27
2030,Women,Soccer,Mercurial Superfly,M,2,2298.45,0.00,0.00,2024-12-09,Retail,Kolkata,-240.32,4596.90,False,2024,12,9,Monday,-0.05,2298.45
2569,Women,Basketball,Air Jordan,L,2,9605.11,0.88,2305.23,2024-08-24,Online,Hyderabad,128.89,2305.23,False,2024,8,24,Saturday,0.06,1152.61
2570,Men,Basketball,Air Jordan,L,1,6102.57,0.00,0.00,2025-03-22,Online,Bangalore,2986.69,6102.57,False,2025,3,22,Saturday,0.49,6102.57
2571,Kids,Soccer,Phantom GT,S,2,4728.95,0.00,0.00,2023-11-28,Retail,Mumbai,276.98,9457.90,False,2023,11,28,Tuesday,0.03,4728.95
2573,Men,Soccer,Premier III,L,2,3979.42,0.75,0.00,2024-08-29,Online,Delhi,301.42,1989.71,False,2024,8,29,Thursday,0.15,994.86
2574,Women,Soccer,Tiempo Legend,M,2,3502.97,0.00,0.00,2024-09-19,Retail,Delhi,-542.87,7005.94,False,2024,9,19,Thursday,-0.08,3502.97
2575,Men,Training,Metcon 7,XL,2,3582.67,0.00,0.00,2025-07-03,Online,Hyderabad,1982.16,7165.34,False,2025,7,3,Thursday,0.28,3582.67
2576,Kids,Running,Pegasus Turbo,L,2,9134.77,0.00,0.00,2025-01-04,Online,Pune,-427.11,18269.54,False,2025,1,4,Saturday,-0.02,9134.77
2578,Men,Lifestyle,Blazer Mid,M,2,4546.25,0.00,0.00,2025-05-10,Retail,Bangalore,3550.00,9092.49,False,2025,5,10,Saturday,0.39,4546.25
2579,Kids,Lifestyle,Dunk Low,S,3,9541.83,0.00,0.00,2024-07-26,Online,Delhi,589.30,28625.49,False,2024,7,26,Friday,0.02,9541.83
2582,Men,Training,Metcon 7,M,2,6110.96,0.00,0.00,2025-01-03,Online,Kolkata,909.76,15277.40,False,2025,1,3,Friday,0.06,7638.70
2583,Men,Soccer,Tiempo Legend,M,3,6077.13,0.00,0.00,2024-09-03,Retail,Mumbai,3051.16,21269.96,False,2024,9,3,Tuesday,0.14,7089.99
2585,Kids,Basketball,Kyrie Flytrap,L,4,5066.14,0.00,0.00,2025-01-17,Retail,Kolkata,-148.71,20264.56,False,2025,1,17,Friday,-0.01,5066.14
2587,Women,Running,React Infinity,S,4,3893.88,0.37,0.00,2024-12-24,Online,Bangalore,-480.01,9812.57,False,2024,12,24,Tuesday,-0.05,2453.14
2588,Kids,Basketball,LeBron 20,M,3,6617.04,0.00,0.00,2025-07-19,Online,Pune,2861.32,19851.12,False,2025,7,19,Saturday,0.14,6617.04
2589,Men,Training,Metcon 7,M,3,6110.96,0.00,0.00,2024-09-17,Online,Kolkata,1429.18,18332.88,False,2024,9,17,Tuesday,0.08,6110.96
2590,Men,Soccer,Premier III,XL,1,7323.53,0.00,0.00,2024-07-21,Retail,Bangalore,1766.46,7323.53,False,2024,7,21,Sunday,0.24,7323.53
2591,Women,Training,SuperRep Go,L,2,7261.34,0.00,0.00,2025-06-21,Retail,Kolkata,1261.67,14522.68,False,2025,6,21,Saturday,0.09,7261.34
2592,Women,Lifestyle,Blazer Mid,M,1,6469.59,0.00,0.00,2024-10-13,Retail,Mumbai,-907.48,6469.59,False,2024,10,13,Sunday,-0.14,6469.59
2593,Men,Lifestyle,Dunk Low,L,2,8747.18,0.00,0.00,2025-01-04,Retail,Mumbai,2505.60,17494.36,False,2025,1,4,Saturday,0.14,8747.18
2594,Women,Training,ZoomX Invincible,XL,3,7944.34,0.67,7864.90,2024-02-23,Retail,Hyderabad,1534.91,7864.90,False,2024,2,23,Friday,0.20,2621.63
2597,Kids,Running,Air Zoom,L,3,3348.83,0.00,0.00,2024-12-05,Online,Bangalore,-540.08,10046.49,False,2024,12,5,Thursday,-0.05,3348.83
2598,Women,Training,Metcon 7,M,3,9488.84,0.00,0.00,2024-12-06,Retail,Bangalore,3505.24,28466.52,False,2024,12,6,Friday,0.12,9488.84
2599,Kids,Training,Flex Trainer,XL,4,8515.92,0.00,0.00,2024-06-08,Retail,Hyderabad,-562.31,34063.68,False,2024,6,8,Saturday,-0.02,8515.92
2600,Kids,Lifestyle,Air Force 1,M,3,7377.71,0.00,0.00,2024-04-11,Online,Pune,803.62,22133.13,False,2024,4,11,Thursday,0.04,7377.71
2601,Women,Soccer,Tiempo Legend,XL,1,5765.95,0.00,0.00,2024-09-27,Retail,Delhi,3739.40,5765.95,False,2024,9,27,Friday,0.65,5765.95
2602,Kids,Running,Free RN,XL,2,3518.53,0.00,0.00,2024-11-17,Online,Pune,3494.88,7037.06,False,2024,11,17,Sunday,0.50,3518.53
2047,Men,Soccer,Phantom GT,XL,4,6136.45,0.00,0.00,2024-12-17,Online,Kolkata,2790.51,24545.80,False,2024,12,17,Tuesday,0.11,6136.45
2606,Women,Lifestyle,Air Force 1,L,1,4040.65,0.00,0.00,2025-06-04,Retail,Mumbai,805.92,4040.65,False,2025,6,4,Wednesday,0.20,4040.65
2607,Women,Basketball,LeBron 20,XL,3,3305.60,0.00,0.00,2023-08-31,Online,Kolkata,3522.02,11569.60,False,2023,8,31,Thursday,0.30,3856.53
2608,Women,Lifestyle,Waffle One,L,2,7203.25,0.00,0.00,2024-10-19,Online,Kolkata,354.67,14406.50,False,2024,10,19,Saturday,0.02,7203.25
2609,Kids,Soccer,Premier III,M,3,9649.28,0.00,0.00,2025-04-26,Online,Bangalore,2712.88,33772.48,False,2025,4,26,Saturday,0.08,11257.49
2610,Women,Lifestyle,Blazer Mid,M,1,8359.07,0.00,0.00,2025-05-06,Online,Bangalore,167.72,12538.60,False,2025,5,6,Tuesday,0.01,12538.60
2033,Kids,Soccer,Mercurial Superfly,M,4,6077.13,0.00,0.00,2024-09-01,Retail,Pune,2310.90,24308.52,False,2024,9,1,Sunday,0.10,6077.13
2613,Women,Lifestyle,Waffle One,S,3,4374.83,0.27,9580.88,2024-03-22,Retail,Delhi,1473.37,9580.88,False,2024,3,22,Friday,0.15,3193.63
2614,Women,Running,React Infinity,XL,3,2265.00,0.00,0.00,2024-05-08,Retail,Bangalore,2095.44,6795.00,False,2024,5,8,Wednesday,0.31,2265.00
2615,Women,Soccer,Phantom GT,XL,3,3042.37,0.12,8031.86,2025-03-24,Online,Pune,2105.48,8031.86,False,2025,3,24,Monday,0.26,2677.29
2616,Men,Lifestyle,Waffle One,XL,3,6154.32,0.20,0.00,2024-06-07,Online,Kolkata,2788.41,14770.37,False,2024,6,7,Friday,0.19,4923.46
2618,Kids,Lifestyle,Dunk Low,XL,2,4189.36,0.00,0.00,2025-06-23,Retail,Pune,3718.11,8378.72,False,2025,6,23,Monday,0.44,4189.36
2619,Kids,Lifestyle,Waffle One,L,4,3369.14,0.65,0.00,2024-01-22,Online,Hyderabad,-300.28,4716.80,False,2024,1,22,Monday,-0.06,1179.20
2621,Kids,Soccer,Phantom GT,L,3,6466.57,0.59,7953.88,2024-05-19,Online,Bangalore,-1152.86,7953.88,False,2024,5,19,Sunday,-0.14,2651.29
2622,Kids,Lifestyle,Blazer Mid,M,3,8073.58,0.00,0.00,2025-07-04,Online,Pune,-82.31,24220.74,False,2025,7,4,Friday,-0.00,8073.58
2623,Men,Running,Pegasus Turbo,L,2,4658.42,0.00,0.00,2025-08-04,Retail,Mumbai,1622.42,9316.84,False,2025,8,4,Monday,0.17,4658.42
2626,Men,Running,Air Zoom,S,2,5550.99,0.00,0.00,2025-04-21,Retail,Bangalore,-757.90,13877.47,False,2025,4,21,Monday,-0.05,6938.74
2627,Women,Basketball,LeBron 20,S,1,9015.65,0.00,0.00,2023-12-31,Online,Delhi,282.13,9015.65,False,2023,12,31,Sunday,0.03,9015.65
2628,Kids,Basketball,Kyrie Flytrap,L,4,6077.13,0.44,0.00,2025-06-29,Retail,Pune,-348.88,13612.77,False,2025,6,29,Sunday,-0.03,3403.19
2629,Kids,Lifestyle,Waffle One,XL,2,5453.77,0.00,0.00,2024-10-23,Retail,Bangalore,1198.75,10907.54,False,2024,10,23,Wednesday,0.11,5453.77
2630,Kids,Running,Pegasus Turbo,L,2,5846.21,0.00,11692.42,2025-04-07,Online,Delhi,3880.60,11692.42,False,2025,4,7,Monday,0.33,5846.21
2631,Women,Basketball,Zoom Freak,L,2,7393.76,0.00,0.00,2025-03-16,Online,Kolkata,2848.46,18484.40,False,2025,3,16,Sunday,0.15,9242.20
2634,Men,Lifestyle,Waffle One,L,2,5815.75,0.00,0.00,2024-08-22,Retail,Bangalore,3190.46,11631.50,False,2024,8,22,Thursday,0.27,5815.75
2635,Women,Running,React Infinity,M,4,3934.22,0.00,0.00,2024-02-28,Online,Kolkata,430.63,15736.88,False,2024,2,28,Wednesday,0.03,3934.22
2636,Men,Basketball,LeBron 20,L,2,9872.08,0.00,0.00,2025-05-26,Online,Bangalore,3269.14,19744.16,False,2025,5,26,Monday,0.17,9872.08
2637,Kids,Training,SuperRep Go,L,3,6077.13,0.00,0.00,2025-04-20,Retail,Hyderabad,3847.48,18231.39,False,2025,4,20,Sunday,0.21,6077.13
2638,Men,Soccer,Premier III,M,1,5028.99,0.00,0.00,2024-01-22,Online,Pune,654.11,5028.99,False,2024,1,22,Monday,0.13,5028.99
2639,Men,Lifestyle,Blazer Mid,XL,3,2597.93,0.00,0.00,2025-06-25,Retail,Pune,374.95,7793.79,False,2025,6,25,Wednesday,0.05,2597.93
2640,Kids,Training,ZoomX Invincible,M,2,7900.02,0.00,0.00,2024-02-08,Online,Bangalore,861.92,15800.04,False,2024,2,8,Thursday,0.05,7900.02
2641,Men,Running,React Infinity,L,2,2890.77,0.00,0.00,2024-11-27,Online,Bangalore,1709.06,5781.54,False,2024,11,27,Wednesday,0.30,2890.77
2642,Women,Lifestyle,Air Force 1,XL,3,9240.64,0.00,0.00,2025-05-17,Retail,Pune,-785.16,27721.92,False,2025,5,17,Saturday,-0.03,9240.64
2643,Men,Soccer,Mercurial Superfly,L,2,6698.41,0.00,0.00,2025-04-17,Retail,Mumbai,2715.31,13396.82,False,2025,4,17,Thursday,0.20,6698.41
2644,Men,Training,SuperRep Go,M,1,2640.04,0.00,0.00,2024-12-21,Retail,Bangalore,1466.96,2640.04,False,2024,12,21,Saturday,0.56,2640.04
2022,Kids,Training,ZoomX Invincible,L,3,9335.00,0.00,0.00,2024-11-27,Retail,Mumbai,689.62,28005.00,False,2024,11,27,Wednesday,0.02,9335.00
2647,Women,Basketball,Zoom Freak,L,4,7992.84,0.00,0.00,2024-09-10,Online,Mumbai,747.29,31971.34,False,2024,9,10,Tuesday,0.02,7992.84
2648,Men,Running,React Infinity,L,3,3477.49,0.54,0.00,2025-03-06,Retail,Delhi,3487.39,4798.94,False,2025,3,6,Thursday,0.73,1599.65
2649,Women,Basketball,Kyrie Flytrap,L,2,6798.48,0.00,0.00,2025-01-02,Retail,Mumbai,2297.40,13596.96,False,2025,1,2,Thursday,0.17,6798.48
2650,Men,Lifestyle,Blazer Mid,L,2,4546.25,0.00,0.00,2023-08-14,Retail,Bangalore,3703.68,9092.49,False,2023,8,14,Monday,0.41,4546.25
2651,Kids,Basketball,Air Jordan,L,1,4393.46,0.00,0.00,2024-10-27,Online,Kolkata,-819.33,4393.46,False,2024,10,27,Sunday,-0.19,4393.46
2652,Women,Basketball,Air Jordan,XL,2,2644.57,0.00,0.00,2025-10-04,Online,Delhi,-240.80,5289.15,False,2025,10,4,Saturday,-0.05,2644.57
2653,Men,Running,Pegasus Turbo,M,3,6178.85,0.00,0.00,2024-10-12,Online,Hyderabad,2550.88,18536.55,False,2024,10,12,Saturday,0.14,6178.85
2654,Kids,Soccer,Tiempo Legend,M,2,5619.75,0.00,0.00,2024-07-21,Online,Bangalore,2933.02,14049.38,False,2024,7,21,Sunday,0.21,7024.69
2655,Kids,Training,SuperRep Go,L,3,4993.94,0.00,0.00,2024-12-21,Retail,Mumbai,2420.85,14981.82,False,2024,12,21,Saturday,0.16,4993.94
2656,Women,Soccer,Premier III,M,1,5246.43,0.00,0.00,2024-07-21,Retail,Bangalore,1891.48,5246.43,False,2024,7,21,Sunday,0.36,5246.43
2657,Kids,Running,Air Zoom,M,4,6077.13,0.00,0.00,2025-04-07,Online,Delhi,494.45,24308.52,False,2025,4,7,Monday,0.02,6077.13
2658,Women,Lifestyle,Dunk Low,L,1,6077.13,0.00,0.00,2025-04-26,Online,Delhi,155.53,6077.13,False,2025,4,26,Saturday,0.03,6077.13
2659,Kids,Basketball,LeBron 20,M,2,9945.56,0.00,0.00,2025-12-05,Online,Hyderabad,-1116.54,19891.12,False,2025,12,5,Friday,-0.06,9945.56
2660,Men,Training,Flex Trainer,L,2,6473.43,0.00,0.00,2024-01-11,Retail,Pune,2519.25,12946.86,False,2024,1,11,Thursday,0.19,6473.43
2661,Kids,Soccer,Tiempo Legend,XL,3,2006.63,0.00,0.00,2024-12-10,Online,Delhi,3171.69,7023.20,False,2024,12,10,Tuesday,0.45,2341.07
2663,Kids,Training,Metcon 7,L,2,8112.55,0.43,0.00,2025-06-17,Retail,Delhi,3174.81,9248.30,False,2025,6,17,Tuesday,0.34,4624.15
2664,Kids,Running,Pegasus Turbo,L,2,9103.08,0.00,0.00,2024-11-12,Online,Mumbai,1726.80,18206.16,False,2024,11,12,Tuesday,0.09,9103.08
2665,Men,Lifestyle,Waffle One,L,3,6140.70,0.00,0.00,2024-03-22,Online,Delhi,506.87,18422.10,False,2024,3,22,Friday,0.03,6140.70
2666,Women,Soccer,Phantom GT,M,2,3700.75,0.00,0.00,2024-08-22,Online,Kolkata,-963.73,9251.88,False,2024,8,22,Thursday,-0.10,4625.94
2667,Women,Lifestyle,Air Force 1,XL,3,9367.66,0.00,0.00,2025-03-23,Online,Delhi,-623.95,28102.98,False,2025,3,23,Sunday,-0.02,9367.66
2668,Women,Training,ZoomX Invincible,M,2,5962.56,0.45,0.00,2024-12-20,Retail,Bangalore,3138.32,8198.52,False,2024,12,20,Friday,0.38,4099.26
2669,Women,Training,Flex Trainer,XL,2,4709.79,0.51,0.00,2024-10-09,Retail,Pune,1737.23,4615.59,False,2024,10,9,Wednesday,0.38,2307.80
2027,Men,Soccer,Premier III,XL,4,7204.01,0.00,0.00,2025-06-15,Retail,Delhi,3951.42,28816.04,False,2025,6,15,Sunday,0.14,7204.01
2671,Kids,Running,Air Zoom,XL,1,9264.49,0.00,0.00,2025-06-26,Retail,Pune,491.18,9264.49,False,2025,6,26,Thursday,0.05,9264.49
2672,Women,Lifestyle,Air Force 1,XL,2,7721.55,0.00,0.00,2024-08-04,Online,Mumbai,67.58,15443.09,False,2024,8,4,Sunday,0.00,7721.55
2673,Kids,Running,Pegasus Turbo,L,3,6891.25,0.63,0.00,2024-08-19,Retail,Pune,-742.85,7649.29,False,2024,8,19,Monday,-0.10,2549.76
2675,Women,Soccer,Premier III,XL,3,3601.55,0.00,0.00,2025-04-04,Online,Hyderabad,2731.71,10804.65,False,2025,4,4,Friday,0.25,3601.55
2676,Men,Running,Air Zoom,L,4,6077.13,0.00,0.00,2025-05-13,Online,Delhi,3932.36,24308.52,False,2025,5,13,Tuesday,0.16,6077.13
2677,Men,Lifestyle,Air Force 1,M,2,5618.62,0.00,0.00,2024-07-26,Retail,Bangalore,1745.96,11237.24,False,2024,7,26,Friday,0.16,5618.62
2679,Men,Training,Flex Trainer,M,3,2758.08,0.04,0.00,2024-07-05,Online,Bangalore,2447.58,7943.27,False,2024,7,5,Friday,0.31,2647.76
2680,Kids,Training,Metcon 7,L,3,2282.80,0.00,0.00,2025-07-21,Retail,Pune,1044.98,6848.40,False,2025,7,21,Monday,0.15,2282.80
2681,Women,Running,Pegasus Turbo,M,2,5996.09,0.00,0.00,2025-04-07,Online,Delhi,3597.08,11992.18,False,2025,4,7,Monday,0.30,5996.09
2682,Men,Basketball,LeBron 20,XL,4,4179.34,0.41,0.00,2024-08-28,Retail,Pune,3614.76,9863.24,False,2024,8,28,Wednesday,0.37,2465.81
2683,Kids,Lifestyle,Dunk Low,XL,1,6077.13,0.00,0.00,2025-12-06,Online,Mumbai,1119.71,6077.13,False,2025,12,6,Saturday,0.18,6077.13
2685,Kids,Lifestyle,Dunk Low,M,4,4516.23,0.00,0.00,2025-05-22,Retail,Hyderabad,1377.72,18064.92,False,2025,5,22,Thursday,0.08,4516.23
2686,Women,Lifestyle,Blazer Mid,L,4,9585.39,0.00,0.00,2025-07-03,Retail,Hyderabad,761.26,38341.56,False,2025,7,3,Thursday,0.02,9585.39
2031,Women,Soccer,Phantom GT,L,2,6077.13,0.00,0.00,2024-07-12,Online,Mumbai,3119.37,15192.83,False,2024,7,12,Friday,0.21,7596.41
2689,Women,Basketball,LeBron 20,L,2,5260.17,0.00,0.00,2025-01-28,Retail,Mumbai,1402.81,10520.34,False,2025,1,28,Tuesday,0.13,5260.17
2690,Kids,Training,Metcon 7,S,2,7159.79,0.00,0.00,2024-11-21,Online,Mumbai,1125.71,14319.58,False,2024,11,21,Thursday,0.08,7159.79
2042,Men,Running,Air Zoom,L,4,6077.13,0.80,0.00,2025-04-07,Online,Delhi,-151.26,4861.70,False,2025,4,7,Monday,-0.03,1215.43
2692,Women,Training,Metcon 7,XL,2,6077.13,0.47,0.00,2024-06-02,Online,Bangalore,2528.27,8052.20,False,2024,6,2,Sunday,0.31,4026.10
2693,Kids,Training,ZoomX Invincible,L,2,7882.99,0.00,0.00,2025-05-11,Online,Bangalore,262.12,15765.97,False,2025,5,11,Sunday,0.02,7882.99
2694,Women,Training,Metcon 7,M,1,6077.13,0.00,0.00,2024-07-25,Online,Hyderabad,-249.45,9115.69,False,2024,7,25,Thursday,-0.03,9115.69
2698,Men,Basketball,LeBron 20,XL,2,6675.75,0.02,0.00,2024-09-10,Retail,Mumbai,1680.50,13084.48,False,2024,9,10,Tuesday,0.13,6542.24
2701,Men,Training,SuperRep Go,XL,3,2225.73,0.00,0.00,2024-11-29,Online,Delhi,2007.01,6677.19,False,2024,11,29,Friday,0.30,2225.73
2703,Kids,Running,Pegasus Turbo,L,2,5214.32,0.00,0.00,2025-06-24,Online,Kolkata,-637.13,10428.64,False,2025,6,24,Tuesday,-0.06,5214.32
2704,Women,Basketball,LeBron 20,L,2,5094.43,0.00,0.00,2025-04-19,Online,Hyderabad,1765.36,10188.86,False,2025,4,19,Saturday,0.17,5094.43
2705,Men,Running,Pegasus Turbo,L,3,6077.13,0.00,0.00,2024-01-07,Retail,Pune,-37.88,18231.39,False,2024,1,7,Sunday,-0.00,6077.13
2708,Kids,Basketball,Kyrie Flytrap,L,3,4523.72,0.00,0.00,2024-10-14,Online,Hyderabad,-237.90,13571.16,False,2024,10,14,Monday,-0.02,4523.72
2709,Kids,Running,Free RN,L,1,6302.98,0.48,3277.55,2025-03-08,Retail,Delhi,2835.93,3277.55,False,2025,3,8,Saturday,0.87,3277.55
2710,Women,Lifestyle,Blazer Mid,M,2,4669.75,0.00,0.00,2024-07-26,Retail,Bangalore,-987.12,9339.50,False,2024,7,26,Friday,-0.11,4669.75
2711,Men,Soccer,Mercurial Superfly,S,2,7457.12,0.00,0.00,2024-12-10,Online,Delhi,756.18,14914.24,False,2024,12,10,Tuesday,0.05,7457.12
2712,Women,Running,Pegasus Turbo,XL,2,7296.82,0.00,0.00,2024-07-22,Retail,Delhi,3024.11,14593.63,False,2024,7,22,Monday,0.21,7296.82
2713,Men,Lifestyle,Air Force 1,L,1,7877.36,0.55,3544.81,2025-05-10,Retail,Kolkata,1330.83,3544.81,False,2025,5,10,Saturday,0.38,3544.81
2026,Women,Running,Air Zoom,M,2,2491.06,0.00,0.00,2024-04-09,Retail,Bangalore,1660.44,6227.65,False,2024,4,9,Tuesday,0.27,3113.82
2718,Men,Basketball,LeBron 20,S,2,8485.23,0.00,0.00,2025-05-26,Retail,Bangalore,637.62,16970.46,False,2025,5,26,Monday,0.04,8485.23
2719,Women,Training,Metcon 7,XL,2,4819.76,0.00,0.00,2024-03-22,Retail,Kolkata,2066.12,9639.52,False,2024,3,22,Friday,0.21,4819.76
2720,Kids,Training,ZoomX Invincible,M,1,6895.20,0.00,0.00,2024-10-14,Retail,Delhi,2548.78,6895.20,False,2024,10,14,Monday,0.37,6895.20
2723,Women,Lifestyle,Dunk Low,XL,2,3403.54,0.00,0.00,2025-03-10,Online,Kolkata,221.41,8508.85,False,2025,3,10,Monday,0.03,4254.43
2724,Women,Training,Flex Trainer,L,3,8007.22,0.00,0.00,2025-01-16,Online,Delhi,1190.20,28025.27,False,2025,1,16,Thursday,0.04,9341.76
2012,Men,Lifestyle,Dunk Low,XL,4,2174.89,0.00,0.00,2024-10-19,Retail,Kolkata,-406.38,8699.56,False,2024,10,19,Saturday,-0.05,2174.89
2726,Women,Training,Flex Trainer,XL,2,4709.79,0.48,0.00,2024-08-19,Retail,Pune,1392.27,4898.18,False,2024,8,19,Monday,0.28,2449.09
2018,Kids,Soccer,Tiempo Legend,L,2,6077.13,0.00,0.00,2025-02-15,Retail,Bangalore,-701.28,12154.26,False,2025,2,15,Saturday,-0.06,6077.13
2729,Kids,Training,Flex Trainer,L,2,6383.55,0.00,0.00,2025-04-29,Retail,Delhi,2079.06,15958.88,False,2025,4,29,Tuesday,0.13,7979.44
2730,Women,Lifestyle,Dunk Low,L,1,5087.72,0.00,0.00,2024-08-01,Online,Hyderabad,2140.93,5087.72,False,2024,8,1,Thursday,0.42,5087.72
2731,Kids,Lifestyle,Dunk Low,M,3,6077.13,0.00,0.00,2025-03-28,Online,Kolkata,3961.27,18231.39,False,2025,3,28,Friday,0.22,6077.13
2733,Women,Running,Free RN,L,2,6743.38,0.00,0.00,2024-11-22,Online,Pune,1908.63,13486.76,False,2024,11,22,Friday,0.14,6743.38
2735,Kids,Running,Free RN,XL,2,6598.76,0.00,0.00,2024-08-05,Online,Kolkata,928.63,13197.51,False,2024,8,5,Monday,0.07,6598.76
2736,Men,Soccer,Tiempo Legend,L,2,6077.13,0.49,0.00,2025-02-22,Retail,Delhi,3042.49,6198.67,False,2025,2,22,Saturday,0.49,3099.34
2737,Kids,Basketball,Kyrie Flytrap,XL,2,6265.09,0.00,0.00,2024-09-10,Retail,Mumbai,144.37,12530.19,False,2024,9,10,Tuesday,0.01,6265.09
2738,Women,Training,ZoomX Invincible,M,3,6121.27,0.39,0.00,2025-05-11,Retail,Pune,-712.53,11201.91,False,2025,5,11,Sunday,-0.06,3733.97
2739,Kids,Running,Free RN,L,2,6598.76,0.26,0.00,2025-02-04,Online,Kolkata,2350.69,9766.16,False,2025,2,4,Tuesday,0.24,4883.08
2740,Women,Lifestyle,Air Force 1,XL,1,4922.19,0.00,0.00,2024-07-26,Retail,Bangalore,3820.48,4922.19,False,2024,7,26,Friday,0.78,4922.19
2741,Women,Training,SuperRep Go,L,3,5241.90,0.00,0.00,2025-01-15,Online,Hyderabad,-295.49,15725.70,False,2025,1,15,Wednesday,-0.02,5241.90
2742,Kids,Lifestyle,Blazer Mid,XL,4,7063.25,0.00,0.00,2024-11-14,Online,Mumbai,3746.48,28253.00,False,2024,11,14,Thursday,0.13,7063.25
2003,Women,Training,ZoomX Invincible,XL,4,7850.87,0.00,31403.48,2025-04-01,Online,Kolkata,992.14,31403.48,False,2025,4,1,Tuesday,0.03,7850.87
2744,Men,Running,Pegasus Turbo,M,1,7951.27,0.00,0.00,2025-04-07,Retail,Delhi,-154.17,7951.27,False,2025,4,7,Monday,-0.02,7951.27
2747,Men,Soccer,Tiempo Legend,XL,4,2483.97,0.00,0.00,2024-12-10,Online,Delhi,-609.36,9935.88,False,2024,12,10,Tuesday,-0.06,2483.97
2748,Men,Basketball,Kyrie Flytrap,XL,4,4527.64,0.05,0.00,2024-08-14,Retail,Pune,1010.96,17205.03,False,2024,8,14,Wednesday,0.06,4301.26
2028,Kids,Training,ZoomX Invincible,L,2,5474.79,0.00,0.00,2025-03-01,Online,Pune,-682.62,10949.58,False,2025,3,1,Saturday,-0.06,5474.79
2750,Women,Lifestyle,Dunk Low,L,2,5087.72,0.00,0.00,2024-08-01,Online,Hyderabad,2924.09,10175.44,False,2024,8,1,Thursday,0.29,5087.72
2751,Men,Basketball,Air Jordan,XL,3,4776.83,0.00,0.00,2025-03-09,Retail,Delhi,2857.99,14330.49,False,2025,3,9,Sunday,0.20,4776.83
2753,Men,Running,Pegasus Turbo,L,3,6243.91,0.00,0.00,2024-12-02,Retail,Kolkata,-364.23,18731.73,False,2024,12,2,Monday,-0.02,6243.91
2754,Kids,Training,ZoomX Invincible,XL,1,6140.23,0.00,0.00,2025-01-03,Online,Kolkata,3565.12,6140.23,False,2025,1,3,Friday,0.58,6140.23
2755,Men,Running,React Infinity,M,3,8574.00,0.00,0.00,2024-12-24,Online,Bangalore,161.95,25722.00,False,2024,12,24,Tuesday,0.01,8574.00
2756,Women,Lifestyle,Waffle One,L,2,8510.85,0.00,0.00,2023-09-21,Retail,Bangalore,1491.91,17021.70,False,2023,9,21,Thursday,0.09,8510.85
2758,Women,Lifestyle,Waffle One,M,1,4784.45,0.00,0.00,2024-04-11,Online,Pune,3986.03,4784.45,False,2024,4,11,Thursday,0.83,4784.45
2759,Kids,Soccer,Premier III,M,4,5403.19,0.00,0.00,2024-01-26,Retail,Delhi,1822.72,21612.76,False,2024,1,26,Friday,0.08,5403.19
2760,Men,Training,SuperRep Go,S,3,8126.80,0.00,0.00,2025-05-28,Online,Mumbai,1496.19,28443.80,False,2025,5,28,Wednesday,0.05,9481.27
2761,Kids,Soccer,Premier III,M,4,5403.19,0.00,0.00,2024-12-10,Retail,Delhi,2588.03,21612.76,False,2024,12,10,Tuesday,0.12,5403.19
2762,Women,Running,Pegasus Turbo,L,2,5046.05,0.00,0.00,2024-10-01,Retail,Mumbai,-355.55,10092.10,False,2024,10,1,Tuesday,-0.04,5046.05
2763,Women,Soccer,Phantom GT,L,4,3328.58,0.00,0.00,2024-07-31,Online,Pune,-763.34,13314.32,False,2024,7,31,Wednesday,-0.06,3328.58
2764,Kids,Lifestyle,Blazer Mid,L,1,7776.94,0.00,0.00,2025-03-17,Retail,Kolkata,-532.24,7776.94,False,2025,3,17,Monday,-0.07,7776.94
2765,Women,Soccer,Premier III,M,2,6370.84,0.00,0.00,2025-06-24,Online,Mumbai,1609.70,12741.68,False,2025,6,24,Tuesday,0.13,6370.84
2767,Kids,Basketball,Zoom Freak,L,2,6887.39,0.00,0.00,2025-07-21,Online,Delhi,1562.76,13774.78,False,2025,7,21,Monday,0.11,6887.39
2768,Men,Basketball,LeBron 20,M,3,6077.13,0.00,0.00,2025-01-03,Online,Pune,3525.96,18231.39,False,2025,1,3,Friday,0.19,6077.13
2050,Men,Basketball,LeBron 20,XL,2,8335.48,0.57,0.00,2025-06-30,Retail,Mumbai,832.37,7168.51,False,2025,6,30,Monday,0.12,3584.26
2770,Men,Soccer,Tiempo Legend,M,2,6830.85,0.70,0.00,2024-08-22,Online,Kolkata,-1095.12,4098.51,False,2024,8,22,Thursday,-0.27,2049.26
2771,Men,Running,Pegasus Turbo,M,2,5222.92,0.00,0.00,2025-05-26,Online,Delhi,1804.67,10445.84,False,2025,5,26,Monday,0.17,5222.92
2772,Kids,Basketball,Zoom Freak,XL,3,6077.13,0.00,0.00,2025-04-01,Online,Pune,2332.29,18231.39,False,2025,4,1,Tuesday,0.13,6077.13
2773,Women,Training,ZoomX Invincible,M,1,5045.62,0.00,5045.62,2025-02-04,Online,Hyderabad,1191.02,5045.62,False,2025,2,4,Tuesday,0.24,5045.62
2774,Women,Running,Free RN,XL,4,3554.76,0.00,0.00,2024-12-24,Online,Bangalore,585.97,14219.04,False,2024,12,24,Tuesday,0.04,3554.76
2775,Men,Lifestyle,Air Force 1,M,2,6903.22,0.73,0.00,2024-04-11,Online,Pune,2329.33,3727.74,False,2024,4,11,Thursday,0.62,1863.87
2776,Men,Training,Flex Trainer,L,1,5649.73,0.00,0.00,2025-03-17,Retail,Mumbai,1143.68,8474.59,False,2025,3,17,Monday,0.13,8474.59
2777,Kids,Basketball,Air Jordan,XL,2,9062.25,0.00,0.00,2024-01-08,Retail,Kolkata,-9.69,18124.50,False,2024,1,8,Monday,-0.00,9062.25
2779,Kids,Basketball,Kyrie Flytrap,L,3,4466.78,0.09,0.00,2024-12-06,Online,Bangalore,-187.36,12194.31,False,2024,12,6,Friday,-0.02,4064.77
2780,Men,Training,Metcon 7,S,1,4308.75,0.32,2929.95,2024-06-08,Online,Hyderabad,799.35,2929.95,False,2024,6,8,Saturday,0.27,2929.95
2781,Men,Training,Metcon 7,XL,1,6546.59,0.68,2094.91,2023-09-03,Retail,Bangalore,1504.31,2094.91,False,2023,9,3,Sunday,0.72,2094.91
2782,Women,Training,ZoomX Invincible,M,2,8292.37,0.00,0.00,2024-10-09,Online,Pune,-816.55,16584.74,False,2024,10,9,Wednesday,-0.05,8292.37
2783,Women,Running,React Infinity,M,2,6926.28,0.36,0.00,2024-08-09,Retail,Pune,134.95,8865.64,False,2024,8,9,Friday,0.02,4432.82
2784,Women,Basketball,Kyrie Flytrap,M,3,6077.13,0.00,0.00,2025-01-28,Online,Pune,2982.03,18231.39,False,2025,1,28,Tuesday,0.16,6077.13
2785,Women,Lifestyle,Blazer Mid,L,2,2958.10,0.00,0.00,2024-10-20,Retail,Hyderabad,-834.71,5916.20,False,2024,10,20,Sunday,-0.14,2958.10
2786,Women,Lifestyle,Blazer Mid,M,4,6077.13,0.59,0.00,2024-10-20,Online,Hyderabad,3872.35,9966.49,False,2024,10,20,Sunday,0.39,2491.62
2787,Kids,Training,Metcon 7,XL,3,3440.88,0.00,0.00,2024-08-31,Online,Pune,22.93,10322.64,False,2024,8,31,Saturday,0.00,3440.88
2788,Women,Soccer,Mercurial Superfly,M,3,7478.84,0.00,0.00,2024-01-04,Retail,Hyderabad,-18.40,22436.52,False,2024,1,4,Thursday,-0.00,7478.84
2789,Kids,Lifestyle,Dunk Low,M,4,9668.47,0.00,0.00,2024-01-15,Retail,Kolkata,1756.75,38673.88,False,2024,1,15,Monday,0.05,9668.47
2790,Kids,Running,React Infinity,XL,3,6077.13,0.00,0.00,2024-08-17,Retail,Delhi,2554.82,18231.39,False,2024,8,17,Saturday,0.14,6077.13
2791,Kids,Training,Metcon 7,M,2,8112.55,0.00,0.00,2024-05-29,Retail,Delhi,1194.43,16225.09,False,2024,5,29,Wednesday,0.07,8112.55
2794,Women,Soccer,Mercurial Superfly,M,1,7198.15,0.00,0.00,2025-07-11,Online,Mumbai,3833.78,7198.15,False,2025,7,11,Friday,0.53,7198.15
2797,Women,Lifestyle,Dunk Low,L,4,2162.29,0.00,0.00,2025-03-30,Retail,Delhi,3158.47,8649.16,False,2025,3,30,Sunday,0.37,2162.29
2798,Kids,Lifestyle,Dunk Low,M,2,8546.98,0.00,0.00,2024-10-13,Retail,Mumbai,430.88,17093.96,False,2024,10,13,Sunday,0.03,8546.98
2799,Kids,Training,SuperRep Go,M,3,2359.47,0.54,3256.07,2025-08-07,Online,Mumbai,3165.65,3256.07,False,2025,8,7,Thursday,0.97,1085.36
2801,Women,Running,React Infinity,M,2,6633.14,0.00,0.00,2024-02-13,Retail,Mumbai,2966.12,13266.28,False,2024,2,13,Tuesday,0.22,6633.14
2802,Men,Running,Free RN,L,3,7848.86,0.00,0.00,2024-01-19,Online,Kolkata,-231.73,23546.58,False,2024,1,19,Friday,-0.01,7848.86
2806,Kids,Basketball,Kyrie Flytrap,S,3,4466.78,0.00,0.00,2024-02-10,Online,Bangalore,2407.08,13400.34,False,2024,2,10,Saturday,0.18,4466.78
2807,Kids,Training,ZoomX Invincible,L,2,9315.06,0.00,0.00,2024-01-10,Online,Hyderabad,875.36,18630.12,False,2024,1,10,Wednesday,0.05,9315.06
2810,Men,Running,Air Zoom,S,2,2943.44,0.53,2766.83,2025-01-23,Retail,Hyderabad,405.67,2766.83,False,2025,1,23,Thursday,0.15,1383.42
2811,Men,Basketball,Zoom Freak,M,3,9153.02,0.00,0.00,2025-01-24,Retail,Bangalore,-77.61,27459.06,False,2025,1,24,Friday,-0.00,9153.02
2812,Men,Basketball,LeBron 20,XL,2,9507.39,0.01,18824.63,2024-08-08,Online,Kolkata,2570.01,18824.63,False,2024,8,8,Thursday,0.14,9412.32
2813,Men,Running,Free RN,M,4,7450.80,0.00,0.00,2024-12-24,Online,Bangalore,2098.29,29803.20,False,2024,12,24,Tuesday,0.07,7450.80
2816,Men,Basketball,LeBron 20,M,3,5983.35,0.00,0.00,2025-01-22,Retail,Hyderabad,916.13,17950.05,False,2025,1,22,Wednesday,0.05,5983.35
2032,Women,Soccer,Mercurial Superfly,L,2,8490.02,0.96,0.00,2024-10-16,Online,Kolkata,-596.41,679.20,False,2024,10,16,Wednesday,-0.88,339.60
2819,Kids,Soccer,Premier III,M,1,7645.41,0.00,0.00,2025-01-20,Retail,Bangalore,593.62,7645.41,False,2025,1,20,Monday,0.08,7645.41
2820,Women,Lifestyle,Blazer Mid,M,4,8659.15,0.00,0.00,2024-08-05,Online,Mumbai,2078.39,34636.60,False,2024,8,5,Monday,0.06,8659.15
2822,Women,Lifestyle,Blazer Mid,L,2,8314.34,0.00,0.00,2025-10-07,Retail,Bangalore,-1145.98,16628.68,False,2025,10,7,Tuesday,-0.07,8314.34
2823,Men,Soccer,Mercurial Superfly,L,1,6698.41,0.00,0.00,2024-07-27,Retail,Mumbai,-1125.91,6698.41,False,2024,7,27,Saturday,-0.17,6698.41
2824,Men,Basketball,Air Jordan,L,4,5123.35,0.00,0.00,2024-11-02,Online,Mumbai,1620.37,20493.40,False,2024,11,2,Saturday,0.08,5123.35
2825,Kids,Training,SuperRep Go,M,3,6077.13,0.00,0.00,2024-10-09,Retail,Pune,2322.87,18231.39,False,2024,10,9,Wednesday,0.13,6077.13
2826,Kids,Lifestyle,Blazer Mid,M,2,9623.53,0.01,0.00,2024-07-26,Retail,Bangalore,262.81,19054.59,False,2024,7,26,Friday,0.01,9527.29
2828,Women,Training,ZoomX Invincible,XL,2,2095.00,0.00,0.00,2024-05-09,Online,Hyderabad,-831.40,4190.00,False,2024,5,9,Thursday,-0.20,2095.00
2829,Men,Basketball,LeBron 20,XL,3,6215.55,0.00,0.00,2024-07-17,Online,Kolkata,2539.92,21754.41,False,2024,7,17,Wednesday,0.12,7251.47
2831,Women,Training,SuperRep Go,S,4,6676.24,0.00,0.00,2024-11-10,Online,Mumbai,3134.87,26704.94,False,2024,11,10,Sunday,0.12,6676.24
2833,Women,Training,Flex Trainer,XL,4,2224.90,0.00,0.00,2025-01-19,Online,Pune,-16.04,8899.60,False,2025,1,19,Sunday,-0.00,2224.90
2835,Women,Lifestyle,Air Force 1,S,3,9240.64,0.63,0.00,2024-10-07,Retail,Pune,1873.76,10257.11,False,2024,10,7,Monday,0.18,3419.04
2837,Women,Running,Pegasus Turbo,L,2,8889.68,0.00,0.00,2024-10-01,Online,Mumbai,2191.17,17779.36,False,2024,10,1,Tuesday,0.12,8889.68
2838,Women,Basketball,Air Jordan,XL,4,8605.73,0.00,0.00,2025-08-01,Retail,Pune,-990.99,34422.92,False,2025,8,1,Friday,-0.03,8605.73
2839,Men,Lifestyle,Waffle One,S,4,4088.72,0.00,0.00,2025-03-03,Online,Hyderabad,2992.52,16354.86,False,2025,3,3,Monday,0.18,4088.72
2841,Men,Basketball,LeBron 20,M,1,4166.94,0.00,0.00,2024-05-19,Online,Delhi,2865.93,4166.94,False,2024,5,19,Sunday,0.69,4166.94
2843,Men,Training,SuperRep Go,XL,3,8126.80,0.00,0.00,2025-04-25,Online,Mumbai,3574.05,28443.80,False,2025,4,25,Friday,0.13,9481.27
2844,Men,Lifestyle,Waffle One,XL,2,6495.53,0.23,10003.12,2024-10-13,Retail,Mumbai,-951.85,10003.12,False,2024,10,13,Sunday,-0.10,5001.56
2845,Men,Training,ZoomX Invincible,M,2,6897.68,0.00,0.00,2023-10-31,Retail,Pune,40.98,17244.20,False,2023,10,31,Tuesday,0.00,8622.10
2846,Kids,Training,ZoomX Invincible,L,2,2932.99,0.00,0.00,2024-10-29,Online,Pune,-543.26,5865.98,False,2024,10,29,Tuesday,-0.09,2932.99
2848,Kids,Running,Free RN,M,1,9476.80,0.03,0.00,2024-08-14,Online,Hyderabad,-350.03,9192.50,False,2024,8,14,Wednesday,-0.04,9192.50
2008,Men,Running,Air Zoom,XL,1,7143.23,0.00,0.00,2024-07-25,Retail,Mumbai,-639.42,7143.23,False,2024,7,25,Thursday,-0.09,7143.23
2850,Kids,Lifestyle,Waffle One,XL,2,6077.13,0.00,0.00,2024-11-10,Retail,Pune,458.86,12154.26,False,2024,11,10,Sunday,0.04,6077.13
2851,Kids,Lifestyle,Blazer Mid,XL,4,2241.11,0.00,0.00,2024-12-28,Online,Mumbai,1243.95,8964.44,False,2024,12,28,Saturday,0.14,2241.11
2852,Kids,Running,React Infinity,M,2,5702.53,0.00,0.00,2025-04-07,Online,Delhi,-234.16,11405.06,False,2025,4,7,Monday,-0.02,5702.53
2853,Women,Basketball,Kyrie Flytrap,XL,2,2685.95,0.00,0.00,2025-02-06,Retail,Hyderabad,3841.05,5371.90,False,2025,2,6,Thursday,0.72,2685.95
2855,Kids,Basketball,Air Jordan,XL,3,2809.80,0.00,0.00,2025-04-20,Online,Mumbai,-425.73,8429.40,False,2025,4,20,Sunday,-0.05,2809.80
2856,Kids,Basketball,Kyrie Flytrap,M,1,6436.11,0.00,0.00,2023-10-12,Online,Kolkata,3137.85,6436.11,False,2023,10,12,Thursday,0.49,6436.11
2857,Women,Running,React Infinity,L,4,4105.44,0.73,0.00,2024-08-25,Online,Kolkata,3197.09,4433.88,False,2024,8,25,Sunday,0.72,1108.47
2859,Women,Lifestyle,Air Force 1,S,2,5789.06,0.00,0.00,2024-04-11,Online,Pune,566.34,11578.12,False,2024,4,11,Thursday,0.05,5789.06
2862,Kids,Soccer,Phantom GT,M,4,7940.29,0.00,31761.16,2024-11-11,Retail,Delhi,1803.25,31761.16,False,2024,11,11,Monday,0.06,7940.29
2863,Women,Training,Metcon 7,S,3,8609.77,0.00,0.00,2024-11-23,Retail,Pune,-711.07,25829.31,False,2024,11,23,Saturday,-0.03,8609.77
2865,Women,Soccer,Phantom GT,L,1,6077.13,0.71,0.00,2024-12-16,Retail,Kolkata,-94.06,1762.37,False,2024,12,16,Monday,-0.05,1762.37
2866,Kids,Training,SuperRep Go,L,2,5171.44,0.00,0.00,2025-09-01,Online,Pune,273.28,10342.88,False,2025,9,1,Monday,0.03,5171.44
2867,Men,Soccer,Mercurial Superfly,L,1,9936.58,0.00,0.00,2025-02-20,Online,Hyderabad,3190.43,9936.58,False,2025,2,20,Thursday,0.32,9936.58
2868,Women,Running,React Infinity,M,3,7379.45,0.00,0.00,2024-10-23,Retail,Delhi,-688.14,22138.35,False,2024,10,23,Wednesday,-0.03,7379.45
2869,Kids,Soccer,Premier III,M,4,5366.19,0.00,0.00,2024-07-26,Online,Pune,1550.30,21464.76,False,2024,7,26,Friday,0.07,5366.19
2870,Kids,Training,Metcon 7,M,1,9633.68,0.00,0.00,2024-10-05,Retail,Delhi,771.96,9633.68,False,2024,10,5,Saturday,0.08,9633.68
2871,Men,Training,Flex Trainer,M,1,2294.09,0.00,0.00,2025-07-22,Retail,Bangalore,1002.21,2294.09,False,2025,7,22,Tuesday,0.44,2294.09
2872,Men,Basketball,Kyrie Flytrap,M,1,3953.13,0.00,0.00,2024-01-08,Online,Kolkata,3414.32,3953.13,False,2024,1,8,Monday,0.86,3953.13
2874,Women,Soccer,Mercurial Superfly,L,2,4262.63,0.01,0.00,2024-03-04,Retail,Delhi,-109.71,10550.01,False,2024,3,4,Monday,-0.01,5275.00
2875,Women,Lifestyle,Dunk Low,L,4,7401.53,0.00,0.00,2024-09-16,Retail,Bangalore,1559.28,29606.12,False,2024,9,16,Monday,0.05,7401.53
2876,Kids,Lifestyle,Waffle One,L,1,6077.13,0.00,0.00,2024-08-21,Retail,Hyderabad,-94.98,6077.13,False,2024,8,21,Wednesday,-0.02,6077.13
2877,Women,Basketball,Kyrie Flytrap,L,4,5562.46,0.00,0.00,2024-12-08,Retail,Kolkata,3327.04,22249.84,False,2024,12,8,Sunday,0.15,5562.46
2878,Women,Training,ZoomX Invincible,M,2,9213.58,0.00,0.00,2024-06-08,Retail,Hyderabad,3968.86,18427.16,False,2024,6,8,Saturday,0.22,9213.58
2879,Kids,Basketball,Zoom Freak,M,3,2831.62,0.00,0.00,2025-03-02,Retail,Bangalore,1053.25,8494.86,False,2025,3,2,Sunday,0.12,2831.62
2050,Kids,Basketball,Zoom Freak,S,3,5225.80,0.00,0.00,2025-06-30,Retail,Kolkata,-1000.03,15677.40,False,2025,6,30,Monday,-0.06,5225.80
2882,Men,Training,Metcon 7,M,2,6077.13,0.90,0.00,2025-01-03,Retail,Kolkata,-127.44,1215.43,False,2025,1,3,Friday,-0.10,607.71
2883,Kids,Soccer,Premier III,M,2,3129.89,0.00,0.00,2025-03-24,Online,Delhi,1627.33,6259.78,False,2025,3,24,Monday,0.26,3129.89
2884,Kids,Running,Pegasus Turbo,S,3,9897.00,0.00,0.00,2025-10-05,Online,Hyderabad,-156.47,29691.00,False,2025,10,5,Sunday,-0.01,9897.00
2887,Women,Lifestyle,Waffle One,L,4,9292.33,0.00,0.00,2024-02-25,Online,Hyderabad,3747.95,37169.32,False,2024,2,25,Sunday,0.10,9292.33
2888,Kids,Running,Air Zoom,L,3,8956.73,0.00,0.00,2025-06-24,Online,Pune,2320.49,26870.19,False,2025,6,24,Tuesday,0.09,8956.73
2889,Women,Basketball,Zoom Freak,M,3,3212.74,0.00,0.00,2024-09-01,Online,Hyderabad,2447.88,9638.22,False,2024,9,1,Sunday,0.25,3212.74
2890,Men,Soccer,Phantom GT,L,2,5428.52,0.00,0.00,2025-05-23,Retail,Bangalore,-147.78,10857.03,False,2025,5,23,Friday,-0.01,5428.52
2892,Women,Running,Free RN,M,4,3554.76,0.00,0.00,2024-11-24,Online,Bangalore,-1195.79,14219.04,False,2024,11,24,Sunday,-0.08,3554.76
2893,Women,Running,React Infinity,L,1,4885.29,0.61,0.00,2025-04-01,Retail,Delhi,780.43,1905.26,False,2025,4,1,Tuesday,0.41,1905.26
2894,Women,Lifestyle,Air Force 1,L,3,2738.79,0.00,0.00,2024-11-20,Retail,Hyderabad,1796.17,8216.37,False,2024,11,20,Wednesday,0.22,2738.79
2895,Kids,Running,React Infinity,M,3,4128.35,0.00,0.00,2024-08-03,Online,Pune,677.85,12385.05,False,2024,8,3,Saturday,0.05,4128.35
2896,Kids,Training,SuperRep Go,S,3,6252.51,0.47,0.00,2025-02-15,Online,Delhi,-1104.33,9941.49,False,2025,2,15,Saturday,-0.11,3313.83
2897,Men,Lifestyle,Waffle One,L,1,9701.24,0.11,0.00,2024-10-19,Retail,Kolkata,221.95,8634.10,False,2024,10,19,Saturday,0.03,8634.10
2898,Women,Running,Free RN,S,1,8609.05,0.00,0.00,2024-02-13,Retail,Kolkata,-744.45,8609.05,False,2024,2,13,Tuesday,-0.09,8609.05
2899,Men,Basketball,LeBron 20,L,3,6531.36,0.00,0.00,2025-05-17,Online,Mumbai,-91.78,19594.08,False,2025,5,17,Saturday,-0.00,6531.36
2006,Men,Lifestyle,Waffle One,XL,2,6547.03,0.00,0.00,2023-09-26,Retail,Mumbai,-716.79,13094.07,False,2023,9,26,Tuesday,-0.05,6547.03
2005,Kids,Soccer,Mercurial Superfly,L,3,9794.84,0.00,0.00,2024-01-09,Retail,Hyderabad,2253.08,29384.52,False,2024,1,9,Tuesday,0.08,9794.84
2902,Kids,Basketball,Kyrie Flytrap,L,4,8138.68,0.00,0.00,2025-05-13,Retail,Kolkata,2604.35,32554.72,False,2025,5,13,Tuesday,0.08,8138.68
2903,Men,Soccer,Phantom GT,M,1,2735.54,0.00,0.00,2024-09-05,Retail,Delhi,2944.26,4103.31,False,2024,9,5,Thursday,0.72,4103.31
2904,Women,Soccer,Tiempo Legend,M,2,8644.67,0.54,7953.10,2025-04-29,Online,Bangalore,2711.75,7953.10,False,2025,4,29,Tuesday,0.34,3976.55
2905,Men,Running,React Infinity,M,2,5762.39,0.00,0.00,2025-07-15,Retail,Hyderabad,-584.10,11524.78,False,2025,7,15,Tuesday,-0.05,5762.39
2906,Women,Lifestyle,Waffle One,S,1,3378.39,0.00,0.00,2024-08-25,Retail,Delhi,-291.45,3378.39,False,2024,8,25,Sunday,-0.09,3378.39
2907,Men,Soccer,Premier III,L,2,8432.50,0.00,0.00,2024-02-25,Retail,Kolkata,3790.63,16865.00,False,2024,2,25,Sunday,0.22,8432.50
2908,Men,Running,Pegasus Turbo,M,1,9437.73,0.53,0.00,2024-11-22,Retail,Hyderabad,-74.00,4435.73,False,2024,11,22,Friday,-0.02,4435.73
2909,Women,Running,Air Zoom,XL,1,7617.75,0.33,0.00,2024-08-20,Retail,Pune,-186.90,5103.89,False,2024,8,20,Tuesday,-0.04,5103.89
2910,Kids,Training,Flex Trainer,M,1,5283.10,0.49,0.00,2025-04-15,Retail,Bangalore,1818.49,2694.38,False,2025,4,15,Tuesday,0.67,2694.38
2911,Kids,Basketball,Zoom Freak,M,3,2989.01,0.00,0.00,2023-10-26,Retail,Mumbai,927.88,8967.03,False,2023,10,26,Thursday,0.10,2989.01
2913,Women,Lifestyle,Dunk Low,M,2,5690.02,0.30,0.00,2025-06-25,Online,Pune,-1036.78,9957.53,False,2025,6,25,Wednesday,-0.10,4978.77
2914,Men,Soccer,Tiempo Legend,L,2,7603.38,0.00,0.00,2025-03-25,Online,Mumbai,-950.86,19008.45,False,2025,3,25,Tuesday,-0.05,9504.23
2915,Men,Basketball,Kyrie Flytrap,XL,1,4994.83,0.00,0.00,2024-09-10,Retail,Mumbai,629.34,4994.83,False,2024,9,10,Tuesday,0.13,4994.83
2916,Kids,Lifestyle,Blazer Mid,XL,4,3248.17,0.00,0.00,2024-08-05,Retail,Hyderabad,-1121.25,12992.68,False,2024,8,5,Monday,-0.09,3248.17
2917,Men,Soccer,Phantom GT,L,1,3204.72,0.00,0.00,2024-12-21,Retail,Bangalore,1916.14,3204.72,False,2024,12,21,Saturday,0.60,3204.72
2918,Men,Training,SuperRep Go,M,3,6077.13,0.00,0.00,2024-11-07,Retail,Mumbai,1398.13,18231.39,False,2024,11,7,Thursday,0.08,6077.13
2919,Men,Soccer,Premier III,M,1,7323.53,0.00,0.00,2025-04-01,Retail,Bangalore,488.37,7323.53,False,2025,4,1,Tuesday,0.07,7323.53
2920,Kids,Soccer,Mercurial Superfly,M,2,5891.32,0.00,11782.64,2024-08-22,Retail,Kolkata,345.70,11782.64,False,2024,8,22,Thursday,0.03,5891.32
2921,Kids,Training,Metcon 7,M,3,9092.33,0.39,0.00,2025-01-13,Retail,Bangalore,2826.57,16638.96,False,2025,1,13,Monday,0.17,5546.32
2922,Kids,Soccer,Tiempo Legend,XL,2,5883.14,0.00,0.00,2025-01-16,Online,Kolkata,3495.67,11766.28,False,2025,1,16,Thursday,0.30,5883.14
2923,Women,Training,Metcon 7,XL,2,6991.93,0.00,0.00,2024-12-21,Online,Mumbai,-371.76,13983.86,False,2024,12,21,Saturday,-0.03,6991.93
2924,Women,Basketball,LeBron 20,XL,2,8776.01,0.00,0.00,2025-05-26,Retail,Bangalore,-71.05,17552.02,False,2025,5,26,Monday,-0.00,8776.01
2006,Men,Lifestyle,Waffle One,XL,4,6064.42,0.00,0.00,2024-08-01,Online,Hyderabad,2936.55,24257.68,False,2024,8,1,Thursday,0.12,6064.42
2026,Women,Soccer,Premier III,M,2,8534.07,0.00,0.00,2024-10-01,Retail,Mumbai,111.21,17068.14,False,2024,10,1,Tuesday,0.01,8534.07
2927,Men,Training,Flex Trainer,L,1,6316.75,0.00,0.00,2024-12-21,Retail,Mumbai,1560.89,9475.12,False,2024,12,21,Saturday,0.16,9475.12
2928,Women,Lifestyle,Waffle One,S,3,5798.69,0.00,0.00,2024-07-09,Online,Delhi,-1064.86,17396.07,False,2024,7,9,Tuesday,-0.06,5798.69
2929,Kids,Soccer,Tiempo Legend,M,3,6589.95,0.00,0.00,2024-04-01,Retail,Hyderabad,157.26,19769.85,False,2024,4,1,Monday,0.01,6589.95
2930,Women,Basketball,Air Jordan,L,2,3328.45,0.57,0.00,2024-12-20,Retail,Bangalore,819.42,2862.47,False,2024,12,20,Friday,0.29,1431.23
2931,Men,Basketball,Zoom Freak,S,3,5811.76,0.00,0.00,2023-08-25,Retail,Pune,3751.45,17435.29,False,2023,8,25,Friday,0.22,5811.76
2933,Women,Training,ZoomX Invincible,M,2,9501.17,0.00,0.00,2024-04-13,Retail,Hyderabad,1069.32,19002.34,False,2024,4,13,Saturday,0.06,9501.17
2935,Men,Lifestyle,Dunk Low,L,4,7588.77,0.00,0.00,2024-05-13,Online,Hyderabad,478.07,30355.08,False,2024,5,13,Monday,0.02,7588.77
2936,Women,Training,Flex Trainer,XL,1,6496.58,0.29,4612.57,2024-07-31,Retail,Pune,1933.10,4612.57,False,2024,7,31,Wednesday,0.42,4612.57
2937,Women,Training,Metcon 7,M,2,6077.13,0.00,0.00,2024-10-14,Online,Delhi,1558.24,12154.26,False,2024,10,14,Monday,0.13,6077.13
2938,Kids,Soccer,Phantom GT,L,1,7038.04,0.00,0.00,2025-01-14,Online,Delhi,2596.64,7038.04,False,2025,1,14,Tuesday,0.37,7038.04
2939,Women,Basketball,Air Jordan,XL,4,6858.76,0.00,0.00,2024-09-10,Retail,Mumbai,639.03,27435.04,False,2024,9,10,Tuesday,0.02,6858.76
2942,Women,Training,Flex Trainer,L,4,5222.39,0.57,8982.51,2025-04-16,Online,Bangalore,-68.53,8982.51,False,2025,4,16,Wednesday,-0.01,2245.63
2944,Women,Training,ZoomX Invincible,M,2,9738.93,0.00,0.00,2024-10-06,Retail,Pune,261.36,24347.33,False,2024,10,6,Sunday,0.01,12173.66
2946,Kids,Running,Free RN,XL,2,5691.68,0.62,0.00,2024-12-24,Retail,Bangalore,3129.43,4325.68,False,2024,12,24,Tuesday,0.72,2162.84
2947,Women,Lifestyle,Blazer Mid,XL,4,4113.48,0.38,0.00,2024-12-04,Online,Mumbai,1604.63,10201.43,False,2024,12,4,Wednesday,0.16,2550.36
2949,Men,Running,React Infinity,M,2,6077.13,0.49,0.00,2025-07-05,Online,Delhi,698.79,6198.67,False,2025,7,5,Saturday,0.11,3099.34
2950,Women,Running,React Infinity,M,3,9151.36,0.00,0.00,2024-08-19,Online,Pune,2540.27,27454.08,False,2024,8,19,Monday,0.09,9151.36
2036,Women,Soccer,Premier III,XL,2,6370.84,0.76,0.00,2025-07-11,Online,Mumbai,2469.75,3058.00,False,2025,7,11,Friday,0.81,1529.00
2952,Kids,Training,SuperRep Go,XL,2,5443.44,0.00,0.00,2024-09-13,Retail,Kolkata,2237.39,10886.88,False,2024,9,13,Friday,0.21,5443.44
2049,Men,Training,Metcon 7,M,2,8854.95,0.00,0.00,2024-04-12,Online,Bangalore,-400.59,17709.90,False,2024,4,12,Friday,-0.02,8854.95
2955,Kids,Basketball,LeBron 20,XL,3,9846.09,0.12,0.00,2024-07-30,Retail,Kolkata,2250.93,25993.68,False,2024,7,30,Tuesday,0.09,8664.56
2956,Kids,Training,ZoomX Invincible,L,4,6293.65,0.86,0.00,2024-05-16,Online,Mumbai,3144.87,3524.44,False,2024,5,16,Thursday,0.89,881.11
2957,Men,Basketball,Zoom Freak,XL,2,5348.89,0.47,0.00,2024-11-19,Online,Kolkata,753.26,7087.28,False,2024,11,19,Tuesday,0.11,3543.64
2958,Women,Lifestyle,Blazer Mid,XL,4,7898.87,0.00,0.00,2025-05-07,Online,Mumbai,1097.55,31595.48,False,2025,5,7,Wednesday,0.03,7898.87
2959,Women,Training,SuperRep Go,M,2,8517.62,0.00,0.00,2024-10-14,Retail,Delhi,3166.22,21294.05,False,2024,10,14,Monday,0.15,10647.03
2960,Men,Training,ZoomX Invincible,M,2,8180.92,0.00,0.00,2024-06-08,Retail,Hyderabad,2620.93,16361.84,False,2024,6,8,Saturday,0.16,8180.92
2961,Kids,Soccer,Tiempo Legend,XL,3,4277.51,0.00,0.00,2024-11-21,Retail,Mumbai,665.39,14971.28,False,2024,11,21,Thursday,0.04,4990.43
2963,Kids,Training,Flex Trainer,XL,1,5283.10,0.00,0.00,2025-10-06,Retail,Bangalore,1172.39,5283.10,False,2025,10,6,Monday,0.22,5283.10
2965,Men,Training,Metcon 7,XL,3,2171.48,0.00,0.00,2025-04-28,Retail,Bangalore,3079.48,6514.44,False,2025,4,28,Monday,0.47,2171.48
2966,Kids,Training,Flex Trainer,M,3,6815.44,0.00,0.00,2025-02-27,Online,Pune,333.36,20446.32,False,2025,2,27,Thursday,0.02,6815.44
2035,Men,Lifestyle,Dunk Low,L,4,3598.07,0.00,0.00,2024-10-19,Retail,Kolkata,3466.33,14392.28,False,2024,10,19,Saturday,0.24,3598.07
2968,Kids,Training,Flex Trainer,XL,1,5283.10,0.00,0.00,2025-01-24,Retail,Bangalore,575.73,5283.10,False,2025,1,24,Friday,0.11,5283.10
2969,Men,Training,ZoomX Invincible,M,2,6186.30,0.00,0.00,2025-07-19,Online,Pune,2323.02,12372.60,False,2025,7,19,Saturday,0.19,6186.30
2970,Men,Basketball,Air Jordan,L,1,6102.57,0.00,0.00,2025-05-26,Online,Bangalore,-617.91,6102.57,False,2025,5,26,Monday,-0.10,6102.57
2971,Women,Lifestyle,Dunk Low,M,2,9330.31,0.00,0.00,2024-11-10,Online,Pune,-610.60,23325.77,False,2024,11,10,Sunday,-0.03,11662.89
2972,Women,Soccer,Phantom GT,M,2,3700.75,0.00,0.00,2024-10-05,Online,Kolkata,1995.69,9251.88,False,2024,10,5,Saturday,0.22,4625.94
2973,Kids,Soccer,Phantom GT,XL,2,3347.42,0.00,0.00,2024-10-31,Online,Bangalore,2234.16,8368.55,False,2024,10,31,Thursday,0.27,4184.27
2974,Men,Running,Pegasus Turbo,M,3,5316.16,0.00,0.00,2024-12-24,Online,Bangalore,-29.28,15948.47,False,2024,12,24,Tuesday,-0.00,5316.16
2975,Kids,Soccer,Mercurial Superfly,L,1,5037.43,0.00,0.00,2024-11-10,Online,Delhi,3279.17,5037.43,False,2024,11,10,Sunday,0.65,5037.43
2976,Men,Running,Pegasus Turbo,M,1,6703.48,0.00,0.00,2024-08-08,Retail,Hyderabad,2966.44,6703.48,False,2024,8,8,Thursday,0.44,6703.48
2977,Kids,Training,ZoomX Invincible,M,3,2959.26,0.37,5593.00,2025-01-03,Online,Kolkata,-821.76,5593.00,False,2025,1,3,Friday,-0.15,1864.33
2978,Women,Running,Air Zoom,L,2,3075.72,0.00,0.00,2025-04-14,Retail,Kolkata,-581.26,6151.44,False,2025,4,14,Monday,-0.09,3075.72
2979,Men,Soccer,Mercurial Superfly,L,1,5308.26,0.00,0.00,2024-07-21,Retail,Bangalore,762.54,5308.26,False,2024,7,21,Sunday,0.14,5308.26
2980,Women,Running,React Infinity,L,4,8899.81,0.00,0.00,2024-12-24,Retail,Bangalore,3075.35,35599.24,False,2024,12,24,Tuesday,0.09,8899.81
2981,Kids,Soccer,Premier III,M,4,5185.52,0.00,0.00,2025-01-10,Retail,Pune,2777.67,20742.08,False,2025,1,10,Friday,0.13,5185.52
2982,Men,Lifestyle,Dunk Low,L,2,6406.53,0.54,0.00,2025-06-07,Online,Kolkata,1541.73,7367.51,False,2025,6,7,Saturday,0.21,3683.75
2983,Women,Running,Pegasus Turbo,XL,1,8203.80,0.03,0.00,2024-12-24,Retail,Bangalore,2968.20,11936.53,False,2024,12,24,Tuesday,0.25,11936.53
2984,Men,Soccer,Phantom GT,XL,2,4343.12,0.00,0.00,2024-09-06,Online,Kolkata,3073.40,10857.80,False,2024,9,6,Friday,0.28,5428.90
2985,Kids,Running,Free RN,L,4,8996.05,0.48,0.00,2024-05-16,Online,Bangalore,3419.45,18711.78,False,2024,5,16,Thursday,0.18,4677.95
2986,Kids,Basketball,LeBron 20,M,3,6877.77,0.09,0.00,2025-04-10,Online,Pune,2303.27,18776.31,False,2025,4,10,Thursday,0.12,6258.77
2987,Women,Soccer,Premier III,L,1,7200.68,0.00,0.00,2024-08-08,Online,Pune,2365.70,7200.68,False,2024,8,8,Thursday,0.33,7200.68
2009,Women,Lifestyle,Dunk Low,M,4,6481.40,0.84,0.00,2024-07-26,Retail,Bangalore,522.93,4148.10,False,2024,7,26,Friday,0.13,1037.02
2989,Men,Soccer,Mercurial Superfly,M,1,6429.61,0.00,0.00,2024-02-14,Online,Bangalore,2459.52,6429.61,False,2024,2,14,Wednesday,0.38,6429.61
2990,Kids,Basketball,Kyrie Flytrap,XL,2,2601.99,0.00,0.00,2024-09-23,Retail,Bangalore,570.47,6504.97,False,2024,9,23,Monday,0.09,3252.49
2991,Men,Training,SuperRep Go,M,3,4004.40,0.00,0.00,2024-10-09,Retail,Pune,3772.99,12013.20,False,2024,10,9,Wednesday,0.31,4004.40
2992,Men,Soccer,Premier III,L,2,6121.21,0.00,0.00,2024-10-24,Online,Kolkata,2276.99,15303.02,False,2024,10,24,Thursday,0.15,7651.51
2993,Men,Soccer,Premier III,M,4,6077.13,0.00,0.00,2024-10-13,Retail,Hyderabad,1770.74,24308.52,False,2024,10,13,Sunday,0.07,6077.13
2995,Kids,Lifestyle,Blazer Mid,L,1,8679.97,0.00,0.00,2024-03-22,Online,Delhi,-651.61,8679.97,False,2024,3,22,Friday,-0.08,8679.97
2996,Women,Basketball,Air Jordan,L,4,6452.43,0.00,0.00,2025-07-01,Online,Pune,3753.82,25809.72,False,2025,7,1,Tuesday,0.15,6452.43
2998,Women,Training,Flex Trainer,L,3,8835.27,0.76,0.00,2025-05-06,Online,Delhi,1637.20,7421.63,False,2025,5,6,Tuesday,0.22,2473.88
3000,Kids,Running,Free RN,M,1,4880.90,0.00,0.00,2024-10-01,Retail,Mumbai,-1110.62,4880.90,False,2024,10,1,Tuesday,-0.23,4880.90
3001,Men,Soccer,Premier III,L,2,3979.42,0.00,0.00,2024-01-25,Online,Delhi,-362.26,7958.84,False,2024,1,25,Thursday,-0.05,3979.42
3002,Women,Lifestyle,Waffle One,L,4,3378.39,0.00,0.00,2024-11-22,Retail,Delhi,3535.87,13513.54,False,2024,11,22,Friday,0.26,3378.39
3003,Men,Basketball,Zoom Freak,XL,2,7386.23,0.00,0.00,2023-08-03,Online,Bangalore,-646.26,14772.45,False,2023,8,3,Thursday,-0.04,7386.23
3004,Men,Training,ZoomX Invincible,XL,2,6897.68,0.00,0.00,2024-10-09,Retail,Pune,2708.10,13795.36,False,2024,10,9,Wednesday,0.20,6897.68
3005,Women,Basketball,Zoom Freak,M,2,6165.64,0.19,0.00,2025-04-23,Online,Delhi,3295.17,9988.34,False,2025,4,23,Wednesday,0.33,4994.17
3006,Kids,Lifestyle,Blazer Mid,M,4,8009.52,0.89,0.00,2024-04-11,Online,Pune,1932.88,3524.19,False,2024,4,11,Thursday,0.55,881.05
3007,Women,Soccer,Tiempo Legend,XL,1,7680.16,0.00,7680.16,2025-05-30,Online,Bangalore,-1076.72,7680.16,False,2025,5,30,Friday,-0.14,7680.16
3008,Men,Soccer,Phantom GT,M,3,6229.74,0.28,0.00,2024-09-01,Online,Pune,401.12,13456.24,False,2024,9,1,Sunday,0.03,4485.41
3009,Men,Lifestyle,Waffle One,L,2,7979.26,0.00,0.00,2024-08-15,Online,Bangalore,3724.01,15958.52,False,2024,8,15,Thursday,0.23,7979.26
3010,Women,Soccer,Tiempo Legend,XL,2,8655.46,0.00,0.00,2025-05-05,Online,Pune,-311.32,21638.65,False,2025,5,5,Monday,-0.01,10819.32
3012,Men,Lifestyle,Blazer Mid,L,2,3758.51,0.00,0.00,2024-08-01,Retail,Hyderabad,94.77,7517.02,False,2024,8,1,Thursday,0.01,3758.51
3017,Women,Basketball,LeBron 20,S,2,8240.15,0.00,0.00,2024-05-19,Retail,Delhi,3355.12,16480.30,False,2024,5,19,Sunday,0.20,8240.15
3018,Kids,Soccer,Premier III,L,2,6077.13,0.00,0.00,2024-08-22,Retail,Kolkata,3364.85,12154.26,False,2024,8,22,Thursday,0.28,6077.13
3019,Women,Running,Free RN,XL,3,9942.61,0.00,0.00,2023-12-19,Retail,Kolkata,1316.30,29827.83,False,2023,12,19,Tuesday,0.04,9942.61
3020,Kids,Lifestyle,Dunk Low,L,1,6153.37,0.00,0.00,2024-08-01,Retail,Hyderabad,493.35,6153.37,False,2024,8,1,Thursday,0.08,6153.37
3021,Women,Soccer,Mercurial Superfly,S,4,5302.70,0.42,0.00,2023-09-21,Retail,Hyderabad,3050.70,12302.28,False,2023,9,21,Thursday,0.25,3075.57
3023,Kids,Basketball,Zoom Freak,M,3,2493.28,0.00,0.00,2024-05-19,Retail,Delhi,708.93,7479.84,False,2024,5,19,Sunday,0.09,2493.28
3024,Kids,Running,Free RN,L,3,6646.84,0.00,0.00,2024-12-07,Online,Mumbai,-687.30,19940.52,False,2024,12,7,Saturday,-0.03,6646.84
3025,Kids,Lifestyle,Blazer Mid,L,4,3248.17,0.00,0.00,2024-08-25,Retail,Hyderabad,3005.88,12992.68,False,2024,8,25,Sunday,0.23,3248.17
3026,Women,Lifestyle,Blazer Mid,L,1,8359.07,0.00,0.00,2025-12-03,Online,Bangalore,-127.25,12538.60,False,2025,12,3,Wednesday,-0.01,12538.60
3027,Women,Training,SuperRep Go,L,2,9593.27,0.00,0.00,2024-10-25,Retail,Delhi,-1038.79,19186.54,False,2024,10,25,Friday,-0.05,9593.27
3028,Kids,Running,Air Zoom,L,4,5837.53,0.00,0.00,2025-01-29,Retail,Kolkata,-471.86,23350.12,False,2025,1,29,Wednesday,-0.02,5837.53
3029,Kids,Training,ZoomX Invincible,M,2,5179.57,0.00,0.00,2024-12-21,Retail,Bangalore,2696.49,12948.92,False,2024,12,21,Saturday,0.21,6474.46
3030,Men,Soccer,Mercurial Superfly,L,3,6969.28,0.58,8781.29,2023-08-08,Online,Kolkata,98.19,8781.29,False,2023,8,8,Tuesday,0.01,2927.10
3031,Kids,Soccer,Premier III,M,4,8588.14,0.00,0.00,2023-10-11,Online,Kolkata,-117.68,34352.56,False,2023,10,11,Wednesday,-0.00,8588.14
3033,Men,Training,ZoomX Invincible,M,2,9397.68,0.74,0.00,2024-11-21,Retail,Hyderabad,313.58,4886.79,False,2024,11,21,Thursday,0.06,2443.40
3034,Men,Soccer,Premier III,M,2,5028.99,0.79,0.00,2024-09-01,Online,Pune,460.06,2112.18,False,2024,9,1,Sunday,0.22,1056.09
3035,Kids,Training,Flex Trainer,XL,4,9625.47,0.00,0.00,2024-06-08,Retail,Hyderabad,-419.24,38501.88,False,2024,6,8,Saturday,-0.01,9625.47
3036,Kids,Lifestyle,Dunk Low,L,2,2879.09,0.00,0.00,2024-10-15,Retail,Hyderabad,1129.11,5758.18,False,2024,10,15,Tuesday,0.20,2879.09
2033,Kids,Lifestyle,Waffle One,M,3,5793.23,0.00,0.00,2025-01-22,Online,Kolkata,-679.74,17379.69,False,2025,1,22,Wednesday,-0.04,5793.23
3039,Kids,Soccer,Premier III,L,1,5366.19,0.00,0.00,2024-03-17,Online,Pune,638.30,5366.19,False,2024,3,17,Sunday,0.12,5366.19
3040,Women,Lifestyle,Waffle One,XL,4,9292.33,0.00,0.00,2024-08-12,Online,Hyderabad,3833.04,37169.32,False,2024,8,12,Monday,0.10,9292.33
3041,Kids,Lifestyle,Waffle One,M,2,4884.55,0.00,0.00,2025-01-03,Online,Bangalore,-1182.29,9769.10,False,2025,1,3,Friday,-0.12,4884.55
3042,Men,Lifestyle,Air Force 1,M,1,6079.24,0.00,0.00,2024-03-22,Online,Delhi,3750.11,6079.24,False,2024,3,22,Friday,0.62,6079.24
3043,Men,Running,React Infinity,L,2,4641.58,0.00,0.00,2025-04-11,Retail,Delhi,147.79,9283.16,False,2025,4,11,Friday,0.02,4641.58
3044,Kids,Lifestyle,Air Force 1,S,3,4222.20,0.00,0.00,2024-08-01,Retail,Hyderabad,931.40,12666.60,False,2024,8,1,Thursday,0.07,4222.20
3046,Men,Basketball,Air Jordan,L,1,4597.23,0.00,0.00,2025-05-26,Online,Bangalore,3277.67,4597.23,False,2025,5,26,Monday,0.71,4597.23
3047,Women,Basketball,Kyrie Flytrap,L,3,6175.84,0.90,1852.75,2024-10-14,Online,Hyderabad,-960.94,1852.75,False,2024,10,14,Monday,-0.52,617.58
3048,Women,Lifestyle,Waffle One,S,1,4492.46,0.23,0.00,2025-07-17,Retail,Hyderabad,517.17,3459.19,False,2025,7,17,Thursday,0.15,3459.19
3049,Kids,Lifestyle,Air Force 1,L,2,7377.71,0.00,0.00,2025-06-22,Online,Pune,-156.45,14755.42,False,2025,6,22,Sunday,-0.01,7377.71
3050,Kids,Basketball,Kyrie Flytrap,L,4,5494.09,0.00,0.00,2024-05-19,Online,Delhi,205.25,21976.34,False,2024,5,19,Sunday,0.01,5494.09
3051,Men,Training,Metcon 7,M,2,8854.95,0.00,0.00,2024-07-28,Online,Bangalore,166.42,22137.38,False,2024,7,28,Sunday,0.01,11068.69
3052,Kids,Running,React Infinity,M,2,9448.34,0.78,0.00,2025-03-03,Online,Delhi,-871.10,4157.27,False,2025,3,3,Monday,-0.21,2078.63
3054,Men,Soccer,Premier III,M,3,6667.47,0.00,0.00,2024-12-17,Retail,Pune,-402.60,23336.15,False,2024,12,17,Tuesday,-0.02,7778.72
2048,Kids,Basketball,LeBron 20,XL,3,5357.49,0.00,0.00,2024-09-21,Online,Pune,-548.00,16072.47,False,2024,9,21,Saturday,-0.03,5357.49
3056,Men,Training,ZoomX Invincible,XL,4,5888.37,0.00,0.00,2024-12-21,Online,Mumbai,544.14,23553.48,False,2024,12,21,Saturday,0.02,5888.37
3057,Women,Soccer,Mercurial Superfly,L,1,4244.95,0.00,0.00,2025-01-21,Retail,Bangalore,3693.98,4244.95,False,2025,1,21,Tuesday,0.87,4244.95
3060,Women,Running,Free RN,L,2,6178.39,0.00,0.00,2024-09-09,Retail,Bangalore,-1137.29,12356.78,False,2024,9,9,Monday,-0.09,6178.39
3061,Kids,Running,Pegasus Turbo,XL,2,4803.70,0.00,0.00,2024-10-01,Retail,Mumbai,-549.05,9607.40,False,2024,10,1,Tuesday,-0.06,4803.70
3062,Women,Soccer,Phantom GT,M,1,6936.34,0.46,3745.62,2025-03-19,Retail,Mumbai,1647.34,3745.62,False,2025,3,19,Wednesday,0.44,3745.62
3063,Kids,Running,Air Zoom,M,2,9676.61,0.00,0.00,2025-04-20,Online,Mumbai,3674.74,19353.22,False,2025,4,20,Sunday,0.19,9676.61
3064,Men,Soccer,Tiempo Legend,S,1,6041.30,0.00,0.00,2024-01-11,Retail,Pune,-1048.54,6041.30,False,2024,1,11,Thursday,-0.17,6041.30
3065,Women,Running,Free RN,XL,2,4690.15,0.00,0.00,2024-02-13,Online,Kolkata,3909.92,9380.30,False,2024,2,13,Tuesday,0.42,4690.15
3066,Kids,Training,ZoomX Invincible,L,4,6293.65,0.00,0.00,2024-03-01,Online,Mumbai,1383.01,25174.58,False,2024,3,1,Friday,0.05,6293.65
3067,Men,Lifestyle,Blazer Mid,M,4,4929.37,0.00,0.00,2024-03-05,Retail,Hyderabad,1939.56,19717.48,False,2024,3,5,Tuesday,0.10,4929.37
3068,Kids,Lifestyle,Air Force 1,L,4,4867.07,0.00,19468.28,2025-05-25,Online,Delhi,2863.56,19468.28,False,2025,5,25,Sunday,0.15,4867.07
3069,Men,Training,Metcon 7,L,1,3945.71,0.00,0.00,2025-04-13,Online,Hyderabad,-6.91,3945.71,False,2025,4,13,Sunday,-0.00,3945.71
3070,Women,Running,Air Zoom,M,4,6737.19,0.00,0.00,2025-01-23,Online,Hyderabad,2150.16,26948.76,False,2025,1,23,Thursday,0.08,6737.19
3071,Women,Running,Air Zoom,M,2,5081.53,0.00,0.00,2023-10-21,Online,Mumbai,-663.86,10163.06,False,2023,10,21,Saturday,-0.07,5081.53
3072,Men,Training,Flex Trainer,M,1,5649.73,0.00,0.00,2024-08-26,Retail,Mumbai,2621.50,8474.59,False,2024,8,26,Monday,0.31,8474.59
3073,Men,Training,ZoomX Invincible,XL,2,8897.19,0.00,0.00,2025-06-14,Retail,Mumbai,1992.12,22242.98,False,2025,6,14,Saturday,0.09,11121.49
3074,Women,Running,Free RN,M,1,2376.12,0.00,0.00,2025-01-23,Online,Hyderabad,1216.34,2376.12,False,2025,1,23,Thursday,0.51,2376.12
2044,Kids,Lifestyle,Blazer Mid,M,4,4032.43,0.00,0.00,2024-08-01,Online,Hyderabad,2059.40,16129.72,False,2024,8,1,Thursday,0.13,4032.43
3077,Men,Lifestyle,Dunk Low,XL,2,4431.62,0.46,0.00,2024-04-11,Online,Pune,3700.77,5982.69,False,2024,4,11,Thursday,0.62,2991.34
3078,Men,Running,Free RN,M,1,2555.18,0.00,0.00,2024-09-14,Online,Delhi,1820.38,2555.18,False,2024,9,14,Saturday,0.71,2555.18
3079,Women,Running,React Infinity,L,3,7627.37,0.00,0.00,2024-01-10,Retail,Bangalore,2815.43,22882.11,False,2024,1,10,Wednesday,0.12,7627.37
3080,Kids,Running,Air Zoom,L,4,3317.71,0.00,0.00,2025-01-23,Online,Hyderabad,-198.00,13270.84,False,2025,1,23,Thursday,-0.01,3317.71
3081,Kids,Training,Flex Trainer,S,1,8442.39,0.00,0.00,2025-02-10,Retail,Mumbai,3126.66,12663.58,False,2025,2,10,Monday,0.25,12663.58
3083,Kids,Training,ZoomX Invincible,XL,1,8535.31,0.00,0.00,2024-08-29,Retail,Delhi,1159.57,8535.31,False,2024,8,29,Thursday,0.14,8535.31
3084,Women,Lifestyle,Blazer Mid,L,3,8955.52,0.00,0.00,2024-04-11,Retail,Pune,491.85,26866.56,False,2024,4,11,Thursday,0.02,8955.52
3085,Men,Soccer,Phantom GT,L,1,7389.67,0.00,0.00,2024-12-10,Online,Delhi,2484.31,7389.67,False,2024,12,10,Tuesday,0.34,7389.67
3087,Kids,Lifestyle,Waffle One,M,3,2765.77,0.00,0.00,2025-08-01,Retail,Bangalore,2785.94,8297.31,False,2025,8,1,Friday,0.34,2765.77
3088,Kids,Training,ZoomX Invincible,XL,3,7148.93,0.00,0.00,2024-10-14,Online,Delhi,2418.74,21446.79,False,2024,10,14,Monday,0.11,7148.93
3089,Women,Basketball,Zoom Freak,XL,3,8399.35,0.00,0.00,2025-05-31,Online,Mumbai,2967.22,25198.05,False,2025,5,31,Saturday,0.12,8399.35
3090,Women,Basketball,LeBron 20,L,3,8187.65,0.00,0.00,2023-12-11,Retail,Pune,196.88,24562.95,False,2023,12,11,Monday,0.01,8187.65
3091,Women,Basketball,Air Jordan,L,1,8666.84,0.30,6066.79,2025-02-13,Online,Hyderabad,204.77,6066.79,False,2025,2,13,Thursday,0.03,6066.79
3092,Kids,Training,Metcon 7,L,2,3005.37,0.00,0.00,2025-09-03,Retail,Kolkata,-288.77,6010.74,False,2025,9,3,Wednesday,-0.05,3005.37
3093,Women,Soccer,Tiempo Legend,L,3,6077.13,0.00,0.00,2025-06-29,Retail,Kolkata,28.77,18231.39,False,2025,6,29,Sunday,0.00,6077.13
3094,Men,Basketball,Zoom Freak,L,2,4731.54,0.00,0.00,2024-07-11,Online,Delhi,3485.33,9463.08,False,2024,7,11,Thursday,0.37,4731.54
3095,Men,Running,Free RN,L,2,9297.64,0.16,0.00,2025-02-16,Retail,Delhi,36.70,15620.04,False,2025,2,16,Sunday,0.00,7810.02
3096,Men,Training,ZoomX Invincible,L,4,6523.81,0.90,0.00,2025-05-03,Online,Hyderabad,20.31,2609.52,False,2025,5,3,Saturday,0.01,652.38
3097,Men,Lifestyle,Blazer Mid,L,4,6077.13,0.50,0.00,2025-01-24,Online,Hyderabad,3419.32,12154.26,False,2025,1,24,Friday,0.28,3038.57
3098,Women,Basketball,Kyrie Flytrap,M,4,5562.46,0.00,0.00,2025-04-14,Retail,Kolkata,1090.52,22249.84,False,2025,4,14,Monday,0.05,5562.46
3099,Women,Lifestyle,Waffle One,L,3,8462.09,0.08,0.00,2024-10-21,Online,Mumbai,1720.40,23355.37,False,2024,10,21,Monday,0.07,7785.12
2021,Men,Lifestyle,Blazer Mid,M,3,3723.21,0.00,0.00,2025-06-22,Online,Bangalore,-1133.40,11169.63,False,2025,6,22,Sunday,-0.10,3723.21
3102,Kids,Basketball,LeBron 20,M,2,6745.63,0.00,0.00,2025-06-18,Retail,Bangalore,-1117.98,13491.26,False,2025,6,18,Wednesday,-0.08,6745.63
3103,Kids,Lifestyle,Blazer Mid,XL,2,4652.18,0.00,0.00,2025-01-06,Online,Mumbai,1567.18,9304.36,False,2025,1,6,Monday,0.17,4652.18
3105,Women,Soccer,Phantom GT,L,4,3328.58,0.57,0.00,2024-11-30,Online,Pune,3176.71,5725.16,False,2024,11,30,Saturday,0.55,1431.29
3106,Men,Running,Pegasus Turbo,M,3,5316.16,0.00,0.00,2025-03-09,Online,Bangalore,3276.53,15948.47,False,2025,3,9,Sunday,0.21,5316.16
3107,Men,Running,Pegasus Turbo,L,1,9572.44,0.00,0.00,2025-08-03,Retail,Hyderabad,-694.97,9572.44,False,2025,8,3,Sunday,-0.07,9572.44
3109,Men,Running,React Infinity,XL,1,6323.74,0.80,0.00,2024-02-13,Retail,Kolkata,492.62,1264.75,False,2024,2,13,Tuesday,0.39,1264.75
3110,Men,Running,React Infinity,L,3,8431.55,0.00,0.00,2024-10-13,Retail,Mumbai,3977.41,25294.65,False,2024,10,13,Sunday,0.16,8431.55
3111,Women,Basketball,Air Jordan,XL,3,6252.73,0.00,0.00,2025-04-19,Retail,Hyderabad,2732.23,18758.20,False,2025,4,19,Saturday,0.15,6252.73
3112,Men,Basketball,Kyrie Flytrap,L,1,7352.44,0.49,0.00,2024-05-19,Retail,Delhi,-532.65,3749.75,False,2024,5,19,Sunday,-0.14,3749.75
3113,Women,Soccer,Tiempo Legend,L,2,7680.16,0.00,0.00,2024-07-21,Online,Bangalore,1328.68,19200.40,False,2024,7,21,Sunday,0.07,9600.20
3114,Women,Running,React Infinity,L,1,7627.37,0.00,0.00,2025-03-27,Retail,Bangalore,2752.18,7627.37,False,2025,3,27,Thursday,0.36,7627.37
3115,Men,Running,React Infinity,S,4,4641.58,0.00,0.00,2025-04-07,Retail,Delhi,693.29,18566.32,False,2025,4,7,Monday,0.04,4641.58
3116,Kids,Basketball,Zoom Freak,M,3,5225.80,0.06,0.00,2024-11-21,Retail,Kolkata,-236.15,14736.76,False,2024,11,21,Thursday,-0.02,4912.25
3117,Men,Basketball,Air Jordan,M,3,6435.20,0.00,0.00,2024-09-21,Retail,Delhi,-1181.06,19305.60,False,2024,9,21,Saturday,-0.06,6435.20
3118,Kids,Lifestyle,Air Force 1,M,4,6077.13,0.00,0.00,2024-07-26,Online,Bangalore,2058.99,24308.52,False,2024,7,26,Friday,0.08,6077.13
3120,Kids,Basketball,Kyrie Flytrap,XL,2,8869.93,0.00,0.00,2025-05-26,Retail,Bangalore,551.46,22174.83,False,2025,5,26,Monday,0.02,11087.41
3121,Kids,Training,Flex Trainer,M,2,2514.00,0.69,0.00,2025-03-06,Online,Kolkata,1345.40,1558.68,False,2025,3,6,Thursday,0.86,779.34
3122,Women,Basketball,Air Jordan,M,1,5835.60,0.00,5835.60,2024-01-08,Online,Kolkata,-1197.60,5835.60,False,2024,1,8,Monday,-0.21,5835.60
3123,Kids,Running,Free RN,L,2,9804.78,0.00,0.00,2025-05-26,Online,Pune,-965.50,19609.56,False,2025,5,26,Monday,-0.05,9804.78
3124,Kids,Soccer,Mercurial Superfly,L,1,7538.96,0.00,0.00,2025-03-31,Online,Delhi,2407.40,11308.44,False,2025,3,31,Monday,0.21,11308.44
3125,Kids,Soccer,Phantom GT,XL,2,6466.57,0.70,0.00,2025-03-10,Online,Bangalore,1561.59,3879.94,False,2025,3,10,Monday,0.40,1939.97
3126,Kids,Running,React Infinity,L,2,8698.67,0.00,0.00,2024-06-10,Online,Bangalore,2772.69,17397.34,False,2024,6,10,Monday,0.16,8698.67
3127,Men,Training,ZoomX Invincible,XL,1,4614.33,0.47,2445.59,2024-10-07,Online,Pune,-440.44,2445.59,False,2024,10,7,Monday,-0.18,2445.59
3128,Men,Running,Air Zoom,M,2,3923.39,0.00,0.00,2024-02-13,Retail,Kolkata,2219.82,7846.78,False,2024,2,13,Tuesday,0.28,3923.39
3129,Kids,Basketball,Kyrie Flytrap,XL,1,5732.66,0.00,0.00,2024-01-30,Retail,Delhi,3187.59,5732.66,False,2024,1,30,Tuesday,0.56,5732.66
3130,Men,Basketball,Air Jordan,XL,4,3015.02,0.00,0.00,2025-05-16,Online,Pune,2868.91,12060.08,False,2025,5,16,Friday,0.24,3015.02
3131,Kids,Training,SuperRep Go,L,4,5171.44,0.33,0.00,2025-05-27,Online,Pune,634.64,13859.46,False,2025,5,27,Tuesday,0.05,3464.86
3132,Kids,Lifestyle,Dunk Low,XL,2,5073.69,0.00,0.00,2025-12-07,Online,Hyderabad,-1033.35,10147.38,False,2025,12,7,Sunday,-0.10,5073.69
3133,Kids,Soccer,Mercurial Superfly,L,2,5435.74,0.77,0.00,2024-04-15,Retail,Delhi,88.55,3125.55,False,2024,4,15,Monday,0.03,1562.78
3134,Men,Basketball,Air Jordan,L,3,6283.68,0.19,0.00,2025-05-14,Retail,Delhi,31.30,15269.33,False,2025,5,14,Wednesday,0.00,5089.78
3135,Women,Soccer,Mercurial Superfly,XL,3,4009.47,0.00,12028.41,2024-08-28,Online,Pune,2434.87,12028.41,False,2024,8,28,Wednesday,0.20,4009.47
3136,Kids,Lifestyle,Blazer Mid,M,1,4920.30,0.00,0.00,2024-10-13,Retail,Mumbai,-518.65,4920.30,False,2024,10,13,Sunday,-0.11,4920.30
3137,Kids,Soccer,Premier III,M,3,7176.21,0.00,0.00,2025-07-08,Online,Bangalore,659.40,25116.74,False,2025,7,8,Tuesday,0.03,8372.25
3138,Kids,Lifestyle,Blazer Mid,L,4,3911.84,0.42,0.00,2024-09-11,Online,Hyderabad,3601.48,9075.47,False,2024,9,11,Wednesday,0.40,2268.87
3139,Kids,Lifestyle,Blazer Mid,XL,1,9682.46,0.00,0.00,2024-07-26,Online,Bangalore,3095.64,14523.69,False,2024,7,26,Friday,0.21,14523.69
3140,Women,Lifestyle,Blazer Mid,L,2,6492.05,0.00,0.00,2023-11-19,Retail,Bangalore,3855.21,12984.09,False,2023,11,19,Sunday,0.30,6492.05
3142,Kids,Soccer,Phantom GT,XL,1,7038.04,0.00,0.00,2024-12-10,Online,Delhi,2520.02,7038.04,False,2024,12,10,Tuesday,0.36,7038.04
3143,Men,Training,Flex Trainer,S,3,3938.59,0.98,236.32,2024-08-23,Online,Mumbai,-331.60,236.32,False,2024,8,23,Friday,-1.40,78.77
3144,Women,Running,Free RN,S,2,8613.08,0.00,0.00,2023-09-11,Retail,Hyderabad,-1049.73,17226.16,False,2023,9,11,Monday,-0.06,8613.08
3145,Women,Basketball,Air Jordan,M,2,3427.03,0.37,0.00,2025-02-02,Retail,Pune,2527.96,4318.06,False,2025,2,2,Sunday,0.59,2159.03
3146,Women,Soccer,Premier III,XL,1,8347.87,0.00,0.00,2024-12-29,Retail,Hyderabad,1087.27,8347.87,False,2024,12,29,Sunday,0.13,8347.87
3147,Kids,Training,SuperRep Go,L,3,2579.36,0.00,0.00,2025-03-13,Online,Mumbai,939.38,9027.76,False,2025,3,13,Thursday,0.10,3009.25
3148,Kids,Soccer,Tiempo Legend,M,3,6077.13,0.00,0.00,2024-07-21,Retail,Bangalore,1125.29,18231.39,False,2024,7,21,Sunday,0.06,6077.13
3149,Kids,Soccer,Premier III,L,2,6077.13,0.00,0.00,2024-08-22,Retail,Kolkata,3435.01,12154.26,False,2024,8,22,Thursday,0.28,6077.13
3151,Men,Lifestyle,Air Force 1,L,2,6011.84,0.00,0.00,2025-07-19,Online,Kolkata,2968.24,15029.60,False,2025,7,19,Saturday,0.20,7514.80
3152,Kids,Running,Free RN,XL,2,2415.31,0.00,0.00,2025-04-07,Retail,Delhi,2077.98,4830.62,False,2025,4,7,Monday,0.43,2415.31
3153,Women,Training,SuperRep Go,XL,3,3693.30,0.00,0.00,2024-09-17,Online,Bangalore,1480.99,11079.90,False,2024,9,17,Tuesday,0.13,3693.30
3154,Kids,Running,Free RN,L,2,2941.85,0.95,0.00,2025-04-21,Online,Delhi,-1100.45,294.19,False,2025,4,21,Monday,-3.74,147.09
3155,Women,Lifestyle,Waffle One,L,2,4233.61,0.00,0.00,2024-07-26,Retail,Bangalore,2013.96,8467.23,False,2024,7,26,Friday,0.24,4233.61
3156,Women,Soccer,Phantom GT,XL,2,6700.68,0.00,0.00,2025-11-01,Retail,Mumbai,611.81,13401.36,False,2025,11,1,Saturday,0.05,6700.68
3157,Kids,Running,Pegasus Turbo,S,3,2991.75,0.00,0.00,2024-12-24,Online,Bangalore,-92.45,8975.25,False,2024,12,24,Tuesday,-0.01,2991.75
3158,Kids,Lifestyle,Air Force 1,XL,2,7377.71,0.00,0.00,2024-04-11,Online,Pune,324.37,14755.42,False,2024,4,11,Thursday,0.02,7377.71
3160,Women,Basketball,Air Jordan,M,3,6077.13,0.00,0.00,2024-07-25,Retail,Delhi,888.87,18231.39,False,2024,7,25,Thursday,0.05,6077.13
3161,Men,Running,React Infinity,L,4,8369.30,0.00,0.00,2025-04-07,Online,Hyderabad,1663.79,33477.20,False,2025,4,7,Monday,0.05,8369.30
3162,Men,Soccer,Tiempo Legend,XL,2,6077.13,0.00,0.00,2024-02-24,Online,Pune,1686.78,12154.26,False,2024,2,24,Saturday,0.14,6077.13
3163,Women,Running,Free RN,L,2,8204.14,0.00,0.00,2025-06-22,Retail,Delhi,961.65,16408.28,False,2025,6,22,Sunday,0.06,8204.14
3164,Men,Soccer,Premier III,L,4,7264.55,0.00,0.00,2025-04-28,Online,Bangalore,-382.88,29058.20,False,2025,4,28,Monday,-0.01,7264.55
3165,Women,Soccer,Phantom GT,XL,2,2530.29,0.29,3593.01,2025-02-17,Online,Kolkata,3264.03,3593.01,False,2025,2,17,Monday,0.91,1796.51
3166,Men,Soccer,Premier III,XL,3,6077.13,0.00,0.00,2024-11-03,Online,Hyderabad,-209.36,18231.39,False,2024,11,3,Sunday,-0.01,6077.13
3167,Women,Basketball,Zoom Freak,XL,3,3212.74,0.00,0.00,2025-04-19,Online,Hyderabad,3517.65,9638.22,False,2025,4,19,Saturday,0.36,3212.74
3168,Women,Lifestyle,Air Force 1,S,2,6125.15,0.00,0.00,2025-02-28,Retail,Delhi,61.83,12250.30,False,2025,2,28,Friday,0.01,6125.15
3169,Men,Lifestyle,Blazer Mid,M,3,7365.14,0.00,0.00,2024-10-10,Retail,Delhi,-744.54,22095.42,False,2024,10,10,Thursday,-0.03,7365.14
3170,Men,Training,Flex Trainer,L,4,4500.96,0.00,0.00,2025-05-15,Online,Pune,-367.73,18003.84,False,2025,5,15,Thursday,-0.02,4500.96
3171,Men,Lifestyle,Air Force 1,L,4,5505.76,0.00,0.00,2023-11-16,Online,Bangalore,-445.89,22023.04,False,2023,11,16,Thursday,-0.02,5505.76
3173,Women,Soccer,Premier III,XL,3,6077.13,0.00,0.00,2024-04-11,Retail,Pune,1560.81,21269.96,False,2024,4,11,Thursday,0.07,7089.99
3174,Men,Soccer,Phantom GT,L,2,6489.35,0.00,0.00,2024-01-09,Online,Hyderabad,1570.71,12978.70,False,2024,1,9,Tuesday,0.12,6489.35
3177,Kids,Lifestyle,Air Force 1,L,3,7042.12,0.89,2323.90,2024-10-13,Online,Mumbai,-411.55,2323.90,False,2024,10,13,Sunday,-0.18,774.63
3178,Women,Training,SuperRep Go,L,2,8517.62,0.00,0.00,2024-09-19,Retail,Delhi,-271.03,21294.05,False,2024,9,19,Thursday,-0.01,10647.03
3179,Women,Training,SuperRep Go,M,3,6676.24,0.36,0.00,2025-04-24,Online,Mumbai,517.77,12818.37,False,2025,4,24,Thursday,0.04,4272.79
3180,Men,Basketball,Zoom Freak,XL,3,2913.15,0.65,0.00,2025-05-03,Online,Pune,1603.13,3058.81,False,2025,5,3,Saturday,0.52,1019.60
3181,Women,Running,Air Zoom,XL,1,6217.18,0.00,0.00,2025-04-07,Retail,Delhi,2808.00,6217.18,False,2025,4,7,Monday,0.45,6217.18
3182,Men,Soccer,Premier III,L,2,5598.98,0.00,0.00,2025-07-11,Retail,Mumbai,42.14,11197.96,False,2025,7,11,Friday,0.00,5598.98
3183,Kids,Soccer,Phantom GT,XL,2,8074.82,0.00,0.00,2025-07-11,Retail,Mumbai,2968.78,16149.64,False,2025,7,11,Friday,0.18,8074.82
3184,Men,Training,ZoomX Invincible,M,4,5888.37,0.42,0.00,2024-10-15,Online,Mumbai,-760.63,13661.02,False,2024,10,15,Tuesday,-0.06,3415.25
3185,Kids,Training,SuperRep Go,L,4,9715.85,0.00,0.00,2025-12-03,Online,Pune,-542.20,38863.40,False,2025,12,3,Wednesday,-0.01,9715.85
3186,Men,Basketball,Zoom Freak,M,3,3156.31,0.00,0.00,2024-10-16,Retail,Delhi,540.77,9468.93,False,2024,10,16,Wednesday,0.06,3156.31
3188,Kids,Lifestyle,Air Force 1,L,3,8024.17,0.60,0.00,2025-09-02,Retail,Pune,2328.33,9629.00,False,2025,9,2,Tuesday,0.24,3209.67
3189,Men,Basketball,LeBron 20,L,3,6730.48,0.33,13528.26,2025-02-08,Online,Kolkata,1456.87,13528.26,False,2025,2,8,Saturday,0.11,4509.42
3190,Women,Soccer,Phantom GT,S,2,3700.75,0.00,0.00,2024-08-22,Online,Kolkata,457.93,9251.88,False,2024,8,22,Thursday,0.05,4625.94
3191,Kids,Soccer,Mercurial Superfly,L,4,6077.13,0.00,0.00,2025-04-02,Retail,Pune,2709.18,24308.52,False,2025,4,2,Wednesday,0.11,6077.13
3192,Kids,Running,Free RN,M,1,6661.66,0.00,0.00,2025-03-16,Online,Pune,2055.67,6661.66,False,2025,3,16,Sunday,0.31,6661.66
3193,Kids,Running,Pegasus Turbo,L,3,8581.98,0.00,0.00,2025-02-24,Retail,Pune,3969.18,25745.94,False,2025,2,24,Monday,0.15,8581.98
3195,Men,Lifestyle,Blazer Mid,M,1,3259.95,0.00,0.00,2025-09-03,Retail,Delhi,1423.92,3259.95,False,2025,9,3,Wednesday,0.44,3259.95
3196,Women,Training,ZoomX Invincible,L,1,6342.35,0.00,0.00,2025-01-03,Retail,Kolkata,425.50,6342.35,False,2025,1,3,Friday,0.07,6342.35
3198,Women,Running,Air Zoom,XL,4,4211.95,0.00,0.00,2025-04-07,Online,Delhi,2009.69,16847.82,False,2025,4,7,Monday,0.12,4211.95
3199,Women,Training,ZoomX Invincible,L,3,7850.87,0.00,0.00,2025-01-03,Online,Kolkata,3873.48,27478.04,False,2025,1,3,Friday,0.14,9159.35
3200,Men,Soccer,Premier III,L,3,6308.83,0.00,0.00,2024-09-01,Retail,Pune,-582.02,22080.90,False,2024,9,1,Sunday,-0.03,7360.30
3201,Women,Training,Flex Trainer,L,1,9608.99,0.00,0.00,2024-12-21,Retail,Mumbai,2866.39,14413.49,False,2024,12,21,Saturday,0.20,14413.49
3202,Kids,Running,Pegasus Turbo,L,3,8926.14,0.00,0.00,2024-12-24,Online,Bangalore,1565.51,26778.42,False,2024,12,24,Tuesday,0.06,8926.14
3203,Women,Training,SuperRep Go,L,3,6622.41,0.00,0.00,2025-11-03,Retail,Pune,2854.21,19867.23,False,2025,11,3,Monday,0.14,6622.41
3204,Men,Soccer,Phantom GT,XL,2,6894.19,0.18,0.00,2024-12-09,Online,Kolkata,3367.72,14133.09,False,2024,12,9,Monday,0.24,7066.54
2002,Women,Lifestyle,Dunk Low,S,2,6077.13,0.24,0.00,2024-12-11,Online,Delhi,912.61,9237.24,False,2024,12,11,Wednesday,0.10,4618.62
3207,Kids,Training,SuperRep Go,M,2,6077.13,0.00,0.00,2024-10-09,Retail,Pune,3909.06,12154.26,False,2024,10,9,Wednesday,0.32,6077.13
3209,Women,Training,Flex Trainer,M,1,6755.56,0.17,0.00,2024-08-20,Retail,Bangalore,1986.27,5607.11,False,2024,8,20,Tuesday,0.35,5607.11
3210,Women,Training,SuperRep Go,M,4,6344.63,0.00,0.00,2024-12-21,Online,Mumbai,160.73,25378.52,False,2024,12,21,Saturday,0.01,6344.63
3211,Women,Lifestyle,Blazer Mid,L,1,8346.17,0.82,0.00,2024-08-02,Retail,Kolkata,1368.59,1502.31,False,2024,8,2,Friday,0.91,1502.31
3212,Kids,Soccer,Mercurial Superfly,M,4,7670.57,0.00,0.00,2024-10-05,Retail,Kolkata,2025.11,30682.28,False,2024,10,5,Saturday,0.07,7670.57
3213,Men,Running,Air Zoom,XL,1,5614.96,0.00,0.00,2024-12-28,Online,Kolkata,3221.70,8422.44,False,2024,12,28,Saturday,0.38,8422.44
3214,Kids,Lifestyle,Dunk Low,XL,2,6077.13,0.00,0.00,2024-11-09,Online,Kolkata,-857.15,15192.83,False,2024,11,9,Saturday,-0.06,7596.41
3215,Men,Soccer,Phantom GT,XL,2,6894.19,0.00,0.00,2024-02-20,Online,Kolkata,2109.68,17235.48,False,2024,2,20,Tuesday,0.12,8617.74
3216,Men,Basketball,Air Jordan,XL,3,4614.20,0.00,0.00,2023-08-14,Online,Mumbai,2508.13,13842.61,False,2023,8,14,Monday,0.18,4614.20
3217,Men,Soccer,Tiempo Legend,S,1,4819.75,0.22,3759.41,2025-02-15,Retail,Pune,-514.90,3759.41,False,2025,2,15,Saturday,-0.14,3759.41
3218,Men,Running,Air Zoom,S,2,4854.18,0.00,0.00,2024-09-29,Retail,Kolkata,3807.88,9708.36,False,2024,9,29,Sunday,0.39,4854.18
3219,Women,Basketball,Air Jordan,XL,2,2277.83,0.00,0.00,2025-03-17,Online,Delhi,1151.76,4555.66,False,2025,3,17,Monday,0.25,2277.83
3220,Women,Lifestyle,Dunk Low,L,4,6077.13,0.00,0.00,2025-02-16,Online,Bangalore,2731.04,24308.52,False,2025,2,16,Sunday,0.11,6077.13
3221,Women,Basketball,LeBron 20,XL,2,9682.68,0.88,2323.84,2024-09-21,Online,Pune,1650.44,2323.84,False,2024,9,21,Saturday,0.71,1161.92
3223,Men,Soccer,Mercurial Superfly,M,1,7457.12,0.00,0.00,2024-12-10,Online,Delhi,3088.54,11185.68,False,2024,12,10,Tuesday,0.28,11185.68
3224,Women,Soccer,Phantom GT,XL,1,9872.38,0.18,8095.35,2025-03-18,Retail,Pune,233.85,8095.35,False,2025,3,18,Tuesday,0.03,8095.35
3225,Kids,Basketball,Kyrie Flytrap,L,4,7364.60,0.00,0.00,2023-12-20,Retail,Kolkata,-458.05,29458.40,False,2023,12,20,Wednesday,-0.02,7364.60
3226,Men,Soccer,Mercurial Superfly,L,2,4585.77,0.00,0.00,2025-02-12,Retail,Pune,-241.59,9171.54,False,2025,2,12,Wednesday,-0.03,4585.77
3227,Women,Training,ZoomX Invincible,S,1,4392.78,0.20,0.00,2024-10-14,Online,Delhi,-604.23,3514.22,False,2024,10,14,Monday,-0.17,3514.22
3228,Kids,Basketball,LeBron 20,XL,2,6745.63,0.00,0.00,2025-04-19,Retail,Bangalore,3620.90,13491.26,False,2025,4,19,Saturday,0.27,6745.63
3233,Men,Soccer,Phantom GT,M,1,4091.68,0.00,0.00,2025-04-26,Retail,Hyderabad,571.80,4091.68,False,2025,4,26,Saturday,0.14,4091.68
3234,Kids,Soccer,Phantom GT,XL,1,7038.04,0.00,0.00,2025-05-14,Online,Delhi,327.76,7038.04,False,2025,5,14,Wednesday,0.05,7038.04
3236,Kids,Lifestyle,Blazer Mid,L,4,3248.17,0.68,0.00,2025-07-21,Retail,Hyderabad,-37.37,4157.66,False,2025,7,21,Monday,-0.01,1039.41
3237,Kids,Basketball,LeBron 20,L,3,5596.52,0.00,0.00,2024-08-16,Retail,Mumbai,2926.28,16789.56,False,2024,8,16,Friday,0.17,5596.52
3238,Women,Training,SuperRep Go,XL,1,4420.21,0.32,3005.74,2024-12-21,Retail,Mumbai,705.58,3005.74,False,2024,12,21,Saturday,0.23,3005.74
3241,Women,Basketball,LeBron 20,XL,2,7477.49,0.00,0.00,2024-02-12,Retail,Bangalore,3176.20,14954.98,False,2024,2,12,Monday,0.21,7477.49
3242,Men,Basketball,LeBron 20,L,2,9677.18,0.59,0.00,2024-08-24,Retail,Bangalore,609.45,7935.29,False,2024,8,24,Saturday,0.08,3967.64
3243,Men,Lifestyle,Air Force 1,L,3,8828.67,0.00,0.00,2024-10-25,Retail,Pune,1943.22,26486.01,False,2024,10,25,Friday,0.07,8828.67
3245,Women,Running,React Infinity,L,3,6926.28,0.00,0.00,2024-05-19,Retail,Pune,3102.91,20778.85,False,2024,5,19,Sunday,0.15,6926.28
3246,Men,Running,Air Zoom,S,3,7787.74,0.00,0.00,2025-05-14,Online,Pune,479.25,23363.22,False,2025,5,14,Wednesday,0.02,7787.74
3247,Men,Training,ZoomX Invincible,L,1,5888.37,0.00,0.00,2024-12-21,Online,Mumbai,3687.47,5888.37,False,2024,12,21,Saturday,0.63,5888.37
3249,Kids,Lifestyle,Blazer Mid,M,1,4738.25,0.00,0.00,2025-02-25,Online,Bangalore,731.10,4738.25,False,2025,2,25,Tuesday,0.15,4738.25
3250,Women,Lifestyle,Air Force 1,L,2,5789.06,0.00,0.00,2024-09-18,Online,Pune,1172.07,11578.12,False,2024,9,18,Wednesday,0.10,5789.06
3252,Men,Basketball,Zoom Freak,L,1,6172.36,0.00,0.00,2024-03-26,Online,Mumbai,-563.83,6172.36,False,2024,3,26,Tuesday,-0.09,6172.36
3253,Kids,Running,Air Zoom,L,3,3348.83,0.00,0.00,2025-04-17,Online,Bangalore,2267.92,10046.49,False,2025,4,17,Thursday,0.23,3348.83
3254,Women,Soccer,Mercurial Superfly,M,2,6077.13,0.51,0.00,2024-11-04,Retail,Mumbai,3035.41,5955.59,False,2024,11,4,Monday,0.51,2977.79
3256,Men,Training,SuperRep Go,M,3,4814.32,0.00,0.00,2024-06-08,Retail,Hyderabad,-583.08,14442.96,False,2024,6,8,Saturday,-0.04,4814.32
3260,Men,Soccer,Mercurial Superfly,S,1,6077.13,0.00,0.00,2025-06-28,Online,Mumbai,1287.17,6077.13,False,2025,6,28,Saturday,0.21,6077.13
3261,Men,Basketball,Air Jordan,XL,2,9593.65,0.00,0.00,2024-11-26,Online,Hyderabad,472.79,19187.30,False,2024,11,26,Tuesday,0.02,9593.65
3262,Women,Basketball,LeBron 20,S,2,8750.71,0.00,0.00,2024-12-26,Retail,Bangalore,1490.29,17501.42,False,2024,12,26,Thursday,0.09,8750.71
3263,Women,Running,React Infinity,L,4,8500.65,0.00,0.00,2025-02-23,Online,Mumbai,2278.12,34002.60,False,2025,2,23,Sunday,0.07,8500.65
3264,Men,Training,Metcon 7,M,2,8854.95,0.13,0.00,2025-08-06,Online,Bangalore,-992.25,15407.61,False,2025,8,6,Wednesday,-0.06,7703.81
3265,Women,Soccer,Mercurial Superfly,M,4,4273.40,0.00,0.00,2024-09-22,Retail,Bangalore,2860.71,17093.60,False,2024,9,22,Sunday,0.17,4273.40
2006,Kids,Training,Flex Trainer,S,3,5329.95,0.00,0.00,2024-10-14,Retail,Delhi,-573.18,15989.86,False,2024,10,14,Monday,-0.04,5329.95
3267,Kids,Lifestyle,Air Force 1,L,3,8024.17,0.52,0.00,2025-02-15,Retail,Pune,345.92,11554.80,False,2025,2,15,Saturday,0.03,3851.60
3268,Men,Soccer,Mercurial Superfly,L,2,6698.41,0.00,0.00,2025-07-11,Retail,Mumbai,1586.40,13396.82,False,2025,7,11,Friday,0.12,6698.41
3269,Women,Soccer,Mercurial Superfly,M,1,7268.31,0.00,0.00,2024-12-03,Online,Mumbai,-719.57,7268.31,False,2024,12,3,Tuesday,-0.10,7268.31
3270,Kids,Lifestyle,Dunk Low,XL,2,8165.07,0.00,0.00,2025-06-03,Online,Pune,3619.80,20412.67,False,2025,6,3,Tuesday,0.18,10206.34
3271,Men,Basketball,LeBron 20,S,2,7737.27,0.00,0.00,2025-05-18,Retail,Hyderabad,545.10,15474.54,False,2025,5,18,Sunday,0.04,7737.27
3272,Men,Lifestyle,Blazer Mid,M,4,4929.37,0.00,0.00,2024-08-01,Retail,Hyderabad,-321.24,19717.48,False,2024,8,1,Thursday,-0.02,4929.37
3274,Men,Training,SuperRep Go,L,3,6031.14,0.15,15379.41,2025-03-05,Retail,Hyderabad,169.05,15379.41,False,2025,3,5,Wednesday,0.01,5126.47
3275,Women,Soccer,Premier III,L,4,8347.87,0.00,0.00,2025-05-27,Retail,Hyderabad,1652.12,33391.48,False,2025,5,27,Tuesday,0.05,8347.87
3277,Men,Training,SuperRep Go,M,4,6819.78,0.00,0.00,2024-09-05,Online,Bangalore,293.59,27279.12,False,2024,9,5,Thursday,0.01,6819.78
3278,Kids,Lifestyle,Dunk Low,L,2,4189.36,0.00,0.00,2025-01-06,Retail,Pune,107.83,8378.72,False,2025,1,6,Monday,0.01,4189.36
3279,Kids,Soccer,Mercurial Superfly,XL,4,2572.41,0.10,9260.68,2024-11-09,Retail,Delhi,3098.28,9260.68,False,2024,11,9,Saturday,0.33,2315.17
3281,Men,Soccer,Mercurial Superfly,L,2,6075.60,0.00,0.00,2024-09-01,Retail,Pune,93.80,12151.20,False,2024,9,1,Sunday,0.01,6075.60
3282,Kids,Basketball,Air Jordan,XL,4,8918.66,0.23,0.00,2024-05-19,Retail,Delhi,-190.17,27469.47,False,2024,5,19,Sunday,-0.01,6867.37
3283,Men,Soccer,Premier III,XL,2,5385.75,0.00,0.00,2024-10-18,Online,Mumbai,3871.51,10771.50,False,2024,10,18,Friday,0.36,5385.75
3284,Women,Running,Free RN,XL,4,5776.74,0.00,0.00,2024-08-20,Online,Kolkata,210.83,23106.96,False,2024,8,20,Tuesday,0.01,5776.74
3285,Men,Training,Metcon 7,XL,4,3945.71,0.00,0.00,2024-05-10,Online,Hyderabad,-401.38,15782.84,False,2024,5,10,Friday,-0.03,3945.71
3287,Kids,Running,Free RN,M,4,4880.90,0.00,0.00,2024-10-01,Retail,Mumbai,-1184.98,19523.58,False,2024,10,1,Tuesday,-0.06,4880.90
3288,Kids,Lifestyle,Dunk Low,L,4,5740.59,0.00,0.00,2024-07-25,Retail,Delhi,3852.98,22962.38,False,2024,7,25,Thursday,0.17,5740.59
3290,Kids,Lifestyle,Air Force 1,XL,2,7377.71,0.00,0.00,2024-04-11,Online,Pune,2588.85,14755.42,False,2024,4,11,Thursday,0.18,7377.71
3291,Women,Running,Free RN,XL,2,8613.08,0.00,0.00,2025-01-23,Retail,Hyderabad,-231.54,17226.16,False,2025,1,23,Thursday,-0.01,8613.08
3292,Women,Training,Metcon 7,M,1,6077.13,0.00,0.00,2025-05-23,Online,Hyderabad,2299.04,9115.69,False,2025,5,23,Friday,0.25,9115.69
3293,Kids,Lifestyle,Blazer Mid,XL,2,5065.93,0.00,0.00,2024-10-19,Online,Kolkata,1013.24,10131.86,False,2024,10,19,Saturday,0.10,5065.93
3294,Women,Basketball,LeBron 20,L,3,3263.64,0.00,0.00,2024-01-08,Retail,Kolkata,-101.37,9790.92,False,2024,1,8,Monday,-0.01,3263.64
3295,Women,Training,SuperRep Go,L,3,2983.60,0.00,0.00,2024-12-29,Online,Delhi,3650.65,8950.80,False,2024,12,29,Sunday,0.41,2983.60
2021,Kids,Running,React Infinity,XL,4,4334.53,0.00,0.00,2025-01-23,Online,Hyderabad,2465.98,17338.12,False,2025,1,23,Thursday,0.14,4334.53
3297,Men,Lifestyle,Air Force 1,L,3,5875.99,0.00,0.00,2025-07-02,Online,Delhi,3803.18,17627.97,False,2025,7,2,Wednesday,0.22,5875.99
3298,Men,Training,ZoomX Invincible,L,4,9716.03,0.00,0.00,2024-12-21,Online,Mumbai,2961.23,38864.12,False,2024,12,21,Saturday,0.08,9716.03
3299,Men,Basketball,Kyrie Flytrap,L,2,6586.70,0.68,0.00,2025-05-26,Retail,Bangalore,1517.07,5269.36,False,2025,5,26,Monday,0.29,2634.68
3300,Women,Basketball,Air Jordan,L,2,3328.45,0.00,0.00,2024-12-18,Retail,Bangalore,3436.23,6656.90,False,2024,12,18,Wednesday,0.52,3328.45
3302,Women,Soccer,Tiempo Legend,M,1,6226.74,0.00,0.00,2025-05-12,Retail,Pune,-316.51,6226.74,False,2025,5,12,Monday,-0.05,6226.74
3303,Kids,Soccer,Tiempo Legend,M,2,6380.50,0.00,0.00,2024-10-19,Online,Kolkata,2846.02,12761.00,False,2024,10,19,Saturday,0.22,6380.50
3304,Women,Running,React Infinity,M,3,8500.65,0.65,0.00,2024-11-15,Online,Mumbai,2405.30,8925.68,False,2024,11,15,Friday,0.27,2975.23
3305,Kids,Running,Free RN,L,2,4216.14,0.00,0.00,2024-10-17,Retail,Hyderabad,-687.95,8432.28,False,2024,10,17,Thursday,-0.08,4216.14
3306,Kids,Basketball,LeBron 20,L,2,5596.52,0.25,0.00,2024-07-30,Retail,Mumbai,3052.49,8394.78,False,2024,7,30,Tuesday,0.36,4197.39
3307,Women,Soccer,Mercurial Superfly,M,1,7127.99,0.00,0.00,2024-12-08,Online,Mumbai,818.55,7127.99,False,2024,12,8,Sunday,0.11,7127.99
3309,Men,Lifestyle,Air Force 1,L,3,5594.08,0.00,0.00,2023-09-12,Retail,Hyderabad,626.95,16782.24,False,2023,9,12,Tuesday,0.04,5594.08
3310,Women,Running,Free RN,M,4,8609.05,0.21,0.00,2025-04-18,Retail,Kolkata,2856.16,27204.60,False,2025,4,18,Friday,0.10,6801.15
3312,Women,Basketball,Zoom Freak,M,1,8069.30,0.00,0.00,2025-05-25,Retail,Pune,-95.96,8069.30,False,2025,5,25,Sunday,-0.01,8069.30
3314,Men,Training,ZoomX Invincible,M,2,7050.14,0.00,0.00,2024-06-08,Retail,Hyderabad,-815.54,14100.28,False,2024,6,8,Saturday,-0.06,7050.14
3315,Women,Training,Metcon 7,XL,3,5845.19,0.00,0.00,2024-12-21,Retail,Bangalore,1345.26,17535.57,False,2024,12,21,Saturday,0.08,5845.19
3316,Women,Running,React Infinity,L,2,3893.88,0.00,0.00,2024-04-25,Online,Bangalore,27.15,7787.75,False,2024,4,25,Thursday,0.00,3893.88
3317,Kids,Basketball,Air Jordan,L,3,6165.08,0.00,0.00,2025-04-19,Online,Hyderabad,3852.52,18495.24,False,2025,4,19,Saturday,0.21,6165.08
3318,Men,Training,Flex Trainer,XL,3,7730.77,0.00,0.00,2025-04-11,Online,Delhi,1096.06,27057.69,False,2025,4,11,Friday,0.04,9019.23
3319,Women,Running,Air Zoom,XL,1,6109.10,0.37,0.00,2024-09-28,Retail,Mumbai,-846.73,3848.73,False,2024,9,28,Saturday,-0.22,3848.73
3320,Kids,Basketball,Air Jordan,L,1,8046.47,0.05,0.00,2024-09-12,Online,Kolkata,-274.91,7644.15,False,2024,9,12,Thursday,-0.04,7644.15
3321,Kids,Soccer,Tiempo Legend,M,4,4986.67,0.00,19946.68,2025-01-15,Retail,Mumbai,3170.16,19946.68,False,2025,1,15,Wednesday,0.16,4986.67
3322,Men,Training,Metcon 7,M,1,3945.71,0.00,0.00,2023-08-28,Online,Hyderabad,864.55,5918.57,False,2023,8,28,Monday,0.15,5918.57
3324,Women,Lifestyle,Dunk Low,L,2,6077.13,0.00,0.00,2024-08-17,Retail,Hyderabad,-871.48,15192.83,False,2024,8,17,Saturday,-0.06,7596.41
3325,Kids,Basketball,LeBron 20,L,2,7806.98,0.00,0.00,2024-11-06,Online,Hyderabad,1115.70,15613.96,False,2024,11,6,Wednesday,0.07,7806.98
3326,Men,Training,SuperRep Go,M,3,8126.80,0.88,0.00,2025-05-30,Online,Mumbai,991.04,3413.26,False,2025,5,30,Friday,0.29,1137.75
3327,Men,Training,Flex Trainer,XL,3,7036.03,0.00,0.00,2025-10-03,Online,Bangalore,-1155.61,21108.09,False,2025,10,3,Friday,-0.05,7036.03
3329,Kids,Training,ZoomX Invincible,M,2,7103.07,0.00,0.00,2024-04-28,Retail,Kolkata,530.29,17757.69,False,2024,4,28,Sunday,0.03,8878.84
3332,Men,Training,SuperRep Go,L,3,3106.54,0.00,0.00,2024-10-09,Retail,Pune,3793.25,9319.62,False,2024,10,9,Wednesday,0.41,3106.54
3333,Kids,Training,SuperRep Go,L,2,4577.65,0.00,0.00,2025-01-03,Retail,Kolkata,1519.97,9155.30,False,2025,1,3,Friday,0.17,4577.65
3334,Kids,Soccer,Tiempo Legend,L,3,2471.71,0.00,0.00,2023-11-14,Online,Mumbai,1190.89,7415.13,False,2023,11,14,Tuesday,0.16,2471.71
3335,Men,Soccer,Premier III,XL,4,3138.53,0.00,0.00,2024-08-17,Retail,Delhi,1221.99,12554.12,False,2024,8,17,Saturday,0.10,3138.53
3336,Kids,Running,React Infinity,XL,4,4334.53,0.00,0.00,2025-03-31,Online,Hyderabad,2759.16,17338.12,False,2025,3,31,Monday,0.16,4334.53
3337,Men,Training,ZoomX Invincible,L,4,6077.13,0.00,0.00,2024-10-10,Online,Delhi,2915.13,24308.52,False,2024,10,10,Thursday,0.12,6077.13
3338,Women,Training,ZoomX Invincible,L,3,7850.87,0.00,0.00,2025-09-06,Online,Kolkata,3011.73,27478.04,False,2025,9,6,Saturday,0.11,9159.35
3339,Men,Lifestyle,Air Force 1,L,2,6656.01,0.00,0.00,2025-05-15,Retail,Delhi,2014.52,13312.02,False,2025,5,15,Thursday,0.15,6656.01
3340,Kids,Soccer,Premier III,M,3,3248.74,0.00,0.00,2024-12-29,Retail,Mumbai,2551.47,9746.22,False,2024,12,29,Sunday,0.26,3248.74
3341,Kids,Training,Metcon 7,M,3,8387.99,0.00,0.00,2024-03-23,Online,Bangalore,1693.41,25163.97,False,2024,3,23,Saturday,0.07,8387.99
2037,Women,Lifestyle,Dunk Low,XL,4,6077.13,0.00,0.00,2025-04-11,Online,Delhi,3651.05,24308.52,False,2025,4,11,Friday,0.15,6077.13
3343,Kids,Basketball,Air Jordan,L,3,9405.77,0.00,0.00,2024-12-11,Retail,Hyderabad,1688.78,28217.31,False,2024,12,11,Wednesday,0.06,9405.77
3344,Kids,Soccer,Mercurial Superfly,XL,3,8217.37,0.00,0.00,2025-06-24,Retail,Hyderabad,303.77,24652.11,False,2025,6,24,Tuesday,0.01,8217.37
2048,Men,Lifestyle,Blazer Mid,XL,1,3510.45,0.00,0.00,2024-07-26,Online,Bangalore,1635.47,5265.68,False,2024,7,26,Friday,0.31,5265.68
3346,Kids,Training,SuperRep Go,XL,4,6037.65,0.15,0.00,2024-10-14,Retail,Delhi,3392.46,20528.01,False,2024,10,14,Monday,0.17,5132.00
3347,Men,Training,ZoomX Invincible,L,4,4389.44,0.00,0.00,2024-12-21,Online,Mumbai,1546.55,17557.76,False,2024,12,21,Saturday,0.09,4389.44
3350,Women,Basketball,Zoom Freak,L,2,6077.13,0.48,0.00,2025-05-28,Online,Bangalore,2199.43,6320.22,False,2025,5,28,Wednesday,0.35,3160.11
3351,Men,Training,SuperRep Go,XL,1,5319.24,0.48,0.00,2025-01-03,Online,Kolkata,-382.32,2766.00,False,2025,1,3,Friday,-0.14,2766.00
3352,Women,Training,SuperRep Go,M,3,6622.41,0.23,0.00,2025-03-01,Retail,Pune,1437.43,15297.77,False,2025,3,1,Saturday,0.09,5099.26
2028,Men,Basketball,Kyrie Flytrap,S,4,2824.55,0.00,0.00,2024-05-19,Online,Delhi,1123.78,11298.20,False,2024,5,19,Sunday,0.10,2824.55
3354,Men,Lifestyle,Dunk Low,L,4,2886.48,0.40,0.00,2024-01-11,Retail,Kolkata,-987.60,6927.55,False,2024,1,11,Thursday,-0.14,1731.89
3356,Women,Soccer,Tiempo Legend,M,4,6077.13,0.00,0.00,2025-03-13,Online,Mumbai,724.11,24308.52,False,2025,3,13,Thursday,0.03,6077.13
3357,Kids,Training,Flex Trainer,M,4,6206.45,0.50,12412.90,2025-04-05,Online,Delhi,678.42,12412.90,False,2025,4,5,Saturday,0.05,3103.22
3358,Men,Basketball,Kyrie Flytrap,M,3,6077.13,0.43,0.00,2024-08-01,Online,Hyderabad,2019.56,10391.89,False,2024,8,1,Thursday,0.19,3463.96
3359,Kids,Basketball,LeBron 20,L,2,9362.81,0.00,0.00,2024-01-09,Retail,Mumbai,2963.03,18725.62,False,2024,1,9,Tuesday,0.16,9362.81
3360,Women,Training,Metcon 7,M,4,6077.13,0.06,0.00,2024-07-31,Online,Bangalore,304.12,22850.01,False,2024,7,31,Wednesday,0.01,5712.50
3362,Men,Lifestyle,Air Force 1,L,2,6656.01,0.00,0.00,2024-03-10,Retail,Delhi,2730.12,13312.02,False,2024,3,10,Sunday,0.21,6656.01
3363,Women,Basketball,Kyrie Flytrap,L,3,6077.13,0.60,0.00,2025-02-18,Online,Bangalore,39.86,7292.56,False,2025,2,18,Tuesday,0.01,2430.85
3364,Kids,Soccer,Premier III,M,1,5366.19,0.24,0.00,2024-11-09,Online,Pune,-371.86,4078.30,False,2024,11,9,Saturday,-0.09,4078.30
3365,Kids,Running,Air Zoom,M,1,9264.49,0.95,0.00,2024-08-19,Retail,Pune,-445.03,463.22,False,2024,8,19,Monday,-0.96,463.22
3366,Men,Basketball,LeBron 20,M,3,4179.34,0.00,0.00,2024-12-15,Retail,Pune,2762.68,12538.02,False,2024,12,15,Sunday,0.22,4179.34
2029,Kids,Training,Metcon 7,L,2,6548.87,0.20,0.00,2024-11-20,Online,Kolkata,3640.60,13097.74,False,2024,11,20,Wednesday,0.28,6548.87
3368,Women,Training,Flex Trainer,M,2,7363.96,0.00,0.00,2025-04-14,Retail,Delhi,2027.47,18409.90,False,2025,4,14,Monday,0.11,9204.95
3369,Men,Running,React Infinity,L,4,5103.34,0.05,0.00,2024-09-27,Online,Kolkata,1247.02,19392.69,False,2024,9,27,Friday,0.06,4848.17
3370,Women,Basketball,Air Jordan,XL,2,3328.45,0.00,0.00,2025-07-05,Retail,Bangalore,-1137.54,6656.90,False,2025,7,5,Saturday,-0.17,3328.45
3371,Men,Training,Flex Trainer,XL,1,2636.01,0.00,0.00,2025-04-26,Retail,Delhi,2255.43,2636.01,False,2025,4,26,Saturday,0.86,2636.01
3372,Kids,Basketball,Kyrie Flytrap,M,4,5494.09,0.77,0.00,2025-02-24,Online,Delhi,-1088.45,5054.56,False,2025,2,24,Monday,-0.22,1263.64
3373,Kids,Training,SuperRep Go,M,3,6077.13,0.76,0.00,2024-10-09,Retail,Pune,1069.43,4375.53,False,2024,10,9,Wednesday,0.24,1458.51
3374,Men,Training,Flex Trainer,M,4,4500.96,0.00,0.00,2024-12-16,Online,Pune,1905.25,18003.84,False,2024,12,16,Monday,0.11,4500.96
3376,Kids,Soccer,Phantom GT,S,2,6077.13,0.00,0.00,2024-08-22,Retail,Kolkata,1286.64,12154.26,False,2024,8,22,Thursday,0.11,6077.13
3378,Kids,Soccer,Phantom GT,XL,1,3642.74,0.00,0.00,2024-08-22,Online,Kolkata,2416.87,3642.74,False,2024,8,22,Thursday,0.66,3642.74
3379,Men,Basketball,Air Jordan,L,2,5000.49,0.86,1400.14,2024-10-23,Retail,Pune,1130.31,1400.14,False,2024,10,23,Wednesday,0.81,700.07
3380,Women,Basketball,Kyrie Flytrap,XL,2,2557.29,0.00,0.00,2024-09-10,Online,Mumbai,3463.32,5114.58,False,2024,9,10,Tuesday,0.68,2557.29
3381,Men,Training,ZoomX Invincible,XL,1,8897.19,0.00,0.00,2024-02-23,Retail,Mumbai,2718.47,8897.19,False,2024,2,23,Friday,0.31,8897.19
3382,Men,Basketball,LeBron 20,XL,2,9187.23,0.00,0.00,2025-10-01,Retail,Hyderabad,1710.15,18374.46,False,2025,10,1,Wednesday,0.09,9187.23
3383,Women,Lifestyle,Air Force 1,XL,1,6640.07,0.00,0.00,2024-12-08,Retail,Bangalore,3793.87,6640.07,False,2024,12,8,Sunday,0.57,6640.07
3384,Women,Basketball,Air Jordan,L,2,3328.45,0.27,0.00,2025-07-22,Retail,Bangalore,144.65,4859.54,False,2025,7,22,Tuesday,0.03,2429.77
3385,Men,Training,ZoomX Invincible,L,2,9019.91,0.00,0.00,2025-03-21,Online,Hyderabad,-643.93,18039.82,False,2025,3,21,Friday,-0.04,9019.91
3386,Women,Soccer,Phantom GT,M,2,9212.82,0.00,0.00,2024-10-16,Retail,Hyderabad,3827.83,18425.64,False,2024,10,16,Wednesday,0.21,9212.82
3387,Men,Soccer,Phantom GT,L,4,5428.52,0.00,0.00,2025-06-21,Retail,Bangalore,2821.58,21714.06,False,2025,6,21,Saturday,0.13,5428.52
3388,Women,Running,Free RN,S,2,4042.33,0.00,0.00,2025-03-05,Online,Pune,1915.52,8084.66,False,2025,3,5,Wednesday,0.24,4042.33
3389,Women,Running,Air Zoom,M,3,9764.91,0.00,0.00,2025-04-04,Online,Mumbai,3491.49,29294.73,False,2025,4,4,Friday,0.12,9764.91
2044,Kids,Soccer,Premier III,XL,3,2068.95,0.81,1179.30,2024-12-10,Retail,Delhi,-182.98,1179.30,False,2024,12,10,Tuesday,-0.16,393.10
3391,Women,Soccer,Mercurial Superfly,M,2,5302.70,0.00,0.00,2023-11-14,Retail,Hyderabad,1628.31,10605.41,False,2023,11,14,Tuesday,0.15,5302.70
3393,Kids,Basketball,Air Jordan,M,1,6975.67,0.68,0.00,2025-06-08,Online,Bangalore,1329.32,2232.21,False,2025,6,8,Sunday,0.60,2232.21
3394,Kids,Lifestyle,Dunk Low,XL,1,5073.69,0.00,0.00,2024-11-03,Online,Hyderabad,2396.11,5073.69,False,2024,11,3,Sunday,0.47,5073.69
3395,Women,Running,Free RN,L,3,5620.64,0.00,0.00,2025-01-15,Online,Mumbai,3069.77,16861.92,False,2025,1,15,Wednesday,0.18,5620.64
3396,Kids,Running,Free RN,L,2,6325.01,0.00,0.00,2024-12-24,Retail,Bangalore,-1047.80,12650.02,False,2024,12,24,Tuesday,-0.08,6325.01
3397,Women,Lifestyle,Dunk Low,M,3,9972.81,0.00,0.00,2024-10-13,Online,Mumbai,3478.84,29918.43,False,2024,10,13,Sunday,0.12,9972.81
3398,Men,Basketball,LeBron 20,XL,2,2082.49,0.00,0.00,2023-08-27,Retail,Kolkata,415.57,4164.98,False,2023,8,27,Sunday,0.10,2082.49
3399,Women,Basketball,LeBron 20,S,2,4507.45,0.00,0.00,2025-11-02,Online,Hyderabad,-1021.01,9014.90,False,2025,11,2,Sunday,-0.11,4507.45
3400,Kids,Lifestyle,Waffle One,M,1,6077.13,0.23,0.00,2024-11-10,Retail,Hyderabad,703.25,4679.39,False,2024,11,10,Sunday,0.15,4679.39
3401,Kids,Basketball,Zoom Freak,M,3,5225.80,0.00,0.00,2024-01-08,Retail,Kolkata,3834.84,15677.40,False,2024,1,8,Monday,0.24,5225.80
3402,Women,Running,Pegasus Turbo,L,2,9706.84,0.03,0.00,2024-08-19,Online,Pune,-229.84,18831.27,False,2024,8,19,Monday,-0.01,9415.63
3403,Kids,Training,Flex Trainer,M,2,9565.66,0.00,0.00,2024-10-30,Retail,Pune,-200.19,19131.32,False,2024,10,30,Wednesday,-0.01,9565.66
3404,Kids,Basketball,Zoom Freak,XL,3,6077.13,0.00,0.00,2025-05-04,Online,Pune,1505.06,18231.39,False,2025,5,4,Sunday,0.08,6077.13
3406,Women,Basketball,Zoom Freak,L,2,6077.13,0.00,0.00,2024-08-19,Online,Bangalore,3314.92,12154.26,False,2024,8,19,Monday,0.27,6077.13
3408,Men,Basketball,Air Jordan,XL,3,6283.68,0.00,0.00,2025-02-28,Retail,Delhi,1675.58,18851.03,False,2025,2,28,Friday,0.09,6283.68
3409,Kids,Running,Air Zoom,M,1,6312.01,0.30,4418.41,2024-08-09,Retail,Delhi,-1106.07,4418.41,False,2024,8,9,Friday,-0.25,4418.41
3412,Men,Training,Flex Trainer,XL,2,6983.68,0.00,0.00,2024-06-08,Online,Hyderabad,2789.29,13967.36,False,2024,6,8,Saturday,0.20,6983.68
3413,Kids,Soccer,Phantom GT,XL,2,4462.26,0.00,0.00,2023-07-31,Online,Hyderabad,2752.65,8924.52,False,2023,7,31,Monday,0.31,4462.26
3414,Men,Lifestyle,Dunk Low,S,4,9996.22,0.00,0.00,2025-01-21,Online,Mumbai,520.63,39984.88,False,2025,1,21,Tuesday,0.01,9996.22
3416,Men,Soccer,Phantom GT,XL,2,8954.59,0.33,0.00,2025-04-06,Retail,Hyderabad,-819.45,11999.15,False,2025,4,6,Sunday,-0.07,5999.58
3417,Men,Basketball,LeBron 20,XL,3,5700.61,0.00,0.00,2025-03-30,Online,Kolkata,-409.81,19952.13,False,2025,3,30,Sunday,-0.02,6650.71
3418,Men,Soccer,Tiempo Legend,M,1,6647.60,0.00,0.00,2024-07-21,Retail,Bangalore,639.28,6647.60,False,2024,7,21,Sunday,0.10,6647.60
3419,Kids,Training,SuperRep Go,M,4,4493.02,0.92,0.00,2024-12-21,Online,Mumbai,-1180.16,1437.77,False,2024,12,21,Saturday,-0.82,359.44
3420,Women,Soccer,Premier III,L,1,3395.24,0.00,0.00,2024-12-10,Online,Delhi,1266.29,3395.24,False,2024,12,10,Tuesday,0.37,3395.24
3421,Women,Basketball,Zoom Freak,L,3,3212.74,0.00,0.00,2024-07-12,Online,Hyderabad,-242.44,9638.22,False,2024,7,12,Friday,-0.03,3212.74
3422,Kids,Training,Metcon 7,XL,2,3197.01,0.00,0.00,2024-01-18,Retail,Hyderabad,2432.76,6394.02,False,2024,1,18,Thursday,0.38,3197.01
3423,Kids,Basketball,Kyrie Flytrap,L,2,6265.09,0.00,0.00,2024-06-08,Retail,Mumbai,106.00,12530.19,False,2024,6,8,Saturday,0.01,6265.09
3424,Women,Training,SuperRep Go,M,3,7007.84,0.32,0.00,2025-11-02,Online,Mumbai,1955.19,16678.66,False,2025,11,2,Sunday,0.12,5559.55
3426,Men,Running,Free RN,L,2,8124.38,0.00,0.00,2025-04-07,Online,Delhi,3119.24,16248.76,False,2025,4,7,Monday,0.19,8124.38
3427,Men,Running,Pegasus Turbo,M,1,4117.23,0.00,0.00,2024-10-01,Retail,Mumbai,2741.85,4117.23,False,2024,10,1,Tuesday,0.67,4117.23
3428,Women,Basketball,Air Jordan,S,1,2825.86,0.23,2175.91,2024-03-12,Online,Bangalore,625.30,2175.91,False,2024,3,12,Tuesday,0.29,2175.91
3430,Men,Training,Flex Trainer,M,3,7036.03,0.00,0.00,2024-12-21,Online,Bangalore,-890.20,21108.09,False,2024,12,21,Saturday,-0.04,7036.03
3432,Kids,Basketball,Kyrie Flytrap,XL,1,6436.11,0.00,0.00,2025-03-06,Online,Kolkata,-640.44,6436.11,False,2025,3,6,Thursday,-0.10,6436.11
3434,Kids,Basketball,Air Jordan,XL,2,8741.65,0.00,0.00,2024-10-21,Online,Delhi,570.25,17483.30,False,2024,10,21,Monday,0.03,8741.65
3435,Men,Training,SuperRep Go,XL,4,2225.73,0.00,0.00,2024-10-14,Online,Delhi,2936.54,8902.92,False,2024,10,14,Monday,0.33,2225.73
3436,Kids,Soccer,Mercurial Superfly,L,1,7007.97,0.00,0.00,2025-06-11,Retail,Bangalore,2107.65,7007.97,False,2025,6,11,Wednesday,0.30,7007.97
3437,Kids,Soccer,Tiempo Legend,M,3,4277.51,0.00,0.00,2024-05-10,Retail,Mumbai,-113.52,14971.28,False,2024,5,10,Friday,-0.01,4990.43
3438,Women,Soccer,Phantom GT,S,3,9212.82,0.18,0.00,2024-05-09,Retail,Hyderabad,1669.74,22663.54,False,2024,5,9,Thursday,0.07,7554.51
2043,Kids,Running,React Infinity,S,2,5395.60,0.06,0.00,2025-03-07,Online,Delhi,2992.96,10143.73,False,2025,3,7,Friday,0.30,5071.86
3440,Kids,Lifestyle,Waffle One,M,3,9532.80,0.00,0.00,2024-10-13,Online,Mumbai,-510.72,28598.40,False,2024,10,13,Sunday,-0.02,9532.80
3441,Kids,Running,Free RN,XL,2,9313.98,0.00,0.00,2025-08-05,Retail,Delhi,3301.27,18627.96,False,2025,8,5,Tuesday,0.18,9313.98
3442,Kids,Basketball,Zoom Freak,XL,4,4699.75,0.00,0.00,2025-01-21,Online,Mumbai,3129.50,18799.00,False,2025,1,21,Tuesday,0.17,4699.75
3443,Kids,Basketball,Zoom Freak,M,3,2989.01,0.00,0.00,2024-09-10,Retail,Mumbai,3549.06,8967.03,False,2024,9,10,Tuesday,0.40,2989.01
3444,Men,Basketball,LeBron 20,L,3,6215.55,0.00,0.00,2025-07-04,Online,Kolkata,-382.31,21754.41,False,2025,7,4,Friday,-0.02,7251.47
3446,Men,Lifestyle,Dunk Low,M,4,8293.38,0.00,0.00,2024-07-09,Retail,Bangalore,1680.50,33173.52,False,2024,7,9,Tuesday,0.05,8293.38
3447,Women,Basketball,LeBron 20,M,2,5172.62,0.00,0.00,2025-05-14,Retail,Hyderabad,1860.15,10345.24,False,2025,5,14,Wednesday,0.18,5172.62
2038,Kids,Lifestyle,Air Force 1,L,3,7609.90,0.05,0.00,2024-03-22,Online,Delhi,788.86,21688.21,False,2024,3,22,Friday,0.04,7229.40
3450,Men,Running,React Infinity,M,3,8561.18,0.00,0.00,2024-01-16,Retail,Bangalore,904.82,25683.54,False,2024,1,16,Tuesday,0.04,8561.18
3451,Men,Training,SuperRep Go,S,3,6077.13,0.00,0.00,2025-07-05,Retail,Mumbai,720.76,18231.39,False,2025,7,5,Saturday,0.04,6077.13
3452,Men,Training,SuperRep Go,L,3,2225.73,0.00,0.00,2024-05-08,Online,Delhi,1239.11,6677.19,False,2024,5,8,Wednesday,0.19,2225.73
3454,Kids,Basketball,Zoom Freak,XL,2,6887.39,0.00,0.00,2024-05-19,Online,Delhi,2313.95,13774.78,False,2024,5,19,Sunday,0.17,6887.39
3455,Women,Soccer,Premier III,L,2,5947.51,0.00,0.00,2025-01-17,Retail,Hyderabad,1352.56,14868.78,False,2025,1,17,Friday,0.09,7434.39
3458,Women,Running,Pegasus Turbo,L,2,8889.68,0.83,0.00,2025-01-22,Online,Mumbai,257.87,3022.49,False,2025,1,22,Wednesday,0.09,1511.25
3459,Men,Lifestyle,Blazer Mid,M,4,6100.23,0.00,0.00,2025-03-27,Retail,Hyderabad,2745.91,24400.92,False,2025,3,27,Thursday,0.11,6100.23
2004,Kids,Running,Free RN,L,1,6611.33,0.00,0.00,2025-01-23,Online,Hyderabad,2588.88,6611.33,False,2025,1,23,Thursday,0.39,6611.33
3462,Women,Basketball,Kyrie Flytrap,M,3,2610.98,0.00,0.00,2024-12-21,Retail,Bangalore,274.97,7832.94,False,2024,12,21,Saturday,0.04,2610.98
3463,Women,Soccer,Phantom GT,XL,1,6878.15,0.00,0.00,2025-02-24,Retail,Pune,1853.70,6878.15,False,2025,2,24,Monday,0.27,6878.15
3465,Men,Lifestyle,Dunk Low,XL,2,3718.82,0.00,0.00,2023-11-29,Online,Delhi,1698.70,7437.64,False,2023,11,29,Wednesday,0.23,3718.82
3466,Men,Basketball,Kyrie Flytrap,XL,2,6498.22,0.50,6498.22,2024-10-24,Retail,Mumbai,-360.53,6498.22,False,2024,10,24,Thursday,-0.06,3249.11
3467,Men,Lifestyle,Air Force 1,M,2,5505.76,0.00,0.00,2025-03-13,Online,Bangalore,1472.83,11011.52,False,2025,3,13,Thursday,0.13,5505.76
3468,Men,Soccer,Phantom GT,XL,4,9577.99,0.93,2681.84,2024-08-22,Online,Kolkata,-259.93,2681.84,False,2024,8,22,Thursday,-0.10,670.46
3469,Kids,Running,Air Zoom,L,1,4590.24,0.00,0.00,2024-10-01,Online,Mumbai,3792.66,4590.24,False,2024,10,1,Tuesday,0.83,4590.24
3470,Kids,Soccer,Tiempo Legend,M,2,5883.14,0.00,0.00,2025-11-02,Online,Kolkata,284.96,11766.28,False,2025,11,2,Sunday,0.02,5883.14
3472,Men,Basketball,Air Jordan,XL,2,9593.65,0.00,0.00,2024-08-31,Online,Hyderabad,1750.67,19187.30,False,2024,8,31,Saturday,0.09,9593.65
3473,Kids,Soccer,Premier III,M,4,3551.05,0.00,0.00,2024-12-05,Online,Delhi,63.47,14204.20,False,2024,12,5,Thursday,0.00,3551.05
3474,Women,Basketball,LeBron 20,M,2,6506.07,0.00,0.00,2025-04-19,Retail,Hyderabad,3969.54,13012.14,False,2025,4,19,Saturday,0.31,6506.07
3476,Men,Training,Flex Trainer,L,1,3891.22,0.37,0.00,2025-06-25,Retail,Mumbai,1881.61,3677.20,False,2025,6,25,Wednesday,0.51,3677.20
3477,Men,Basketball,Air Jordan,M,2,4135.26,0.00,0.00,2025-04-25,Online,Delhi,1691.28,8270.52,False,2025,4,25,Friday,0.20,4135.26
3478,Kids,Training,Flex Trainer,M,1,8442.39,0.00,0.00,2025-05-17,Retail,Mumbai,2192.68,12663.58,False,2025,5,17,Saturday,0.17,12663.58
3479,Women,Training,ZoomX Invincible,XL,4,6320.30,0.00,0.00,2024-09-16,Retail,Mumbai,1909.78,25281.18,False,2024,9,16,Monday,0.08,6320.30
3480,Kids,Running,Free RN,M,4,2917.45,0.00,0.00,2024-12-24,Online,Bangalore,2872.75,11669.80,False,2024,12,24,Tuesday,0.25,2917.45
3481,Women,Lifestyle,Air Force 1,XL,4,8645.09,0.00,0.00,2023-10-15,Online,Bangalore,2564.61,34580.36,False,2023,10,15,Sunday,0.07,8645.09
3482,Men,Soccer,Mercurial Superfly,M,1,8066.30,0.00,0.00,2024-08-19,Online,Hyderabad,1660.47,8066.30,False,2024,8,19,Monday,0.21,8066.30
3483,Men,Lifestyle,Air Force 1,L,4,4733.92,0.00,0.00,2024-12-04,Online,Kolkata,738.19,18935.68,False,2024,12,4,Wednesday,0.04,4733.92
3484,Kids,Lifestyle,Dunk Low,XL,4,2638.44,0.00,0.00,2024-08-18,Online,Bangalore,1395.41,10553.76,False,2024,8,18,Sunday,0.13,2638.44
3485,Women,Lifestyle,Dunk Low,L,2,6077.13,0.00,0.00,2024-12-14,Retail,Hyderabad,1722.38,12154.26,False,2024,12,14,Saturday,0.14,6077.13
3486,Kids,Training,SuperRep Go,L,4,6037.65,0.00,0.00,2024-10-14,Retail,Delhi,1451.77,24150.60,False,2024,10,14,Monday,0.06,6037.65
3487,Men,Lifestyle,Dunk Low,M,2,3240.99,0.42,0.00,2025-05-28,Online,Hyderabad,2927.35,3759.55,False,2025,5,28,Wednesday,0.78,1879.77
3488,Women,Soccer,Tiempo Legend,XL,4,6077.13,0.00,0.00,2025-03-12,Online,Kolkata,86.25,24308.52,False,2025,3,12,Wednesday,0.00,6077.13
3489,Kids,Running,React Infinity,M,2,6437.85,0.00,0.00,2025-04-04,Online,Mumbai,1734.72,12875.70,False,2025,4,4,Friday,0.13,6437.85
3491,Men,Soccer,Premier III,XL,2,5385.75,0.39,0.00,2024-10-19,Online,Mumbai,-473.94,6570.61,False,2024,10,19,Saturday,-0.07,3285.31
2018,Women,Soccer,Phantom GT,S,2,6226.24,0.00,0.00,2024-11-13,Online,Bangalore,-777.58,15565.59,False,2024,11,13,Wednesday,-0.05,7782.79
3493,Men,Lifestyle,Dunk Low,L,4,9446.34,0.00,0.00,2024-07-26,Online,Bangalore,568.71,37785.36,False,2024,7,26,Friday,0.02,9446.34
3496,Men,Running,Air Zoom,M,3,5542.09,0.77,0.00,2024-10-08,Retail,Delhi,-786.91,3824.04,False,2024,10,8,Tuesday,-0.21,1274.68
3497,Women,Basketball,Zoom Freak,L,2,8688.92,0.00,0.00,2024-08-12,Online,Mumbai,1878.22,17377.84,False,2024,8,12,Monday,0.11,8688.92
3499,Women,Training,ZoomX Invincible,XL,2,5864.29,0.00,0.00,2025-03-30,Retail,Kolkata,357.03,14660.73,False,2025,3,30,Sunday,0.02,7330.36
3500,Kids,Lifestyle,Blazer Mid,L,1,5471.81,0.56,0.00,2025-03-25,Retail,Kolkata,361.86,2407.60,False,2025,3,25,Tuesday,0.15,2407.60
3503,Men,Training,SuperRep Go,M,3,6992.17,0.00,0.00,2024-11-16,Online,Mumbai,-1048.24,24472.60,False,2024,11,16,Saturday,-0.04,8157.53
3504,Women,Training,SuperRep Go,L,2,9075.41,0.03,0.00,2024-08-18,Retail,Delhi,3035.95,22007.87,False,2024,8,18,Sunday,0.14,11003.93
2020,Kids,Lifestyle,Blazer Mid,XL,3,7126.64,0.89,0.00,2025-05-10,Retail,Delhi,535.13,2351.79,False,2025,5,10,Saturday,0.23,783.93
3507,Kids,Running,Free RN,S,4,4880.90,0.05,0.00,2024-10-01,Retail,Mumbai,11.97,18547.40,False,2024,10,1,Tuesday,0.00,4636.85
3508,Kids,Training,ZoomX Invincible,M,2,5179.57,0.00,0.00,2024-10-12,Retail,Bangalore,3466.92,12948.92,False,2024,10,12,Saturday,0.27,6474.46
3509,Kids,Lifestyle,Blazer Mid,XL,4,2066.04,0.00,0.00,2025-07-22,Online,Mumbai,2278.11,8264.16,False,2025,7,22,Tuesday,0.28,2066.04
3510,Men,Soccer,Tiempo Legend,M,3,6077.13,0.00,0.00,2025-04-17,Retail,Hyderabad,3445.21,18231.39,False,2025,4,17,Thursday,0.19,6077.13
3511,Kids,Lifestyle,Blazer Mid,XL,4,3248.17,0.06,0.00,2025-02-15,Retail,Hyderabad,877.12,12213.12,False,2025,2,15,Saturday,0.07,3053.28
3514,Kids,Running,React Infinity,S,2,6546.46,0.00,0.00,2024-08-10,Retail,Hyderabad,2804.16,13092.92,False,2024,8,10,Saturday,0.21,6546.46
3516,Men,Training,ZoomX Invincible,M,2,7495.24,0.42,0.00,2024-10-09,Online,Pune,3844.73,8694.48,False,2024,10,9,Wednesday,0.44,4347.24
3517,Women,Running,Air Zoom,XL,2,9962.36,0.00,0.00,2025-01-23,Retail,Hyderabad,2661.74,19924.72,False,2025,1,23,Thursday,0.13,9962.36
3518,Women,Basketball,Air Jordan,XL,3,6077.13,0.00,0.00,2024-08-14,Retail,Delhi,3047.69,18231.39,False,2024,8,14,Wednesday,0.17,6077.13
3519,Kids,Soccer,Premier III,L,2,6077.13,0.00,0.00,2025-05-25,Retail,Kolkata,3491.18,12154.26,False,2025,5,25,Sunday,0.29,6077.13
3520,Women,Lifestyle,Waffle One,XL,2,2080.85,0.00,4161.70,2024-03-22,Retail,Delhi,-776.21,4161.70,False,2024,3,22,Friday,-0.19,2080.85
3521,Women,Training,ZoomX Invincible,M,3,8565.24,0.00,0.00,2025-01-03,Online,Kolkata,3721.90,29978.34,False,2025,1,3,Friday,0.12,9992.78
2002,Women,Basketball,Zoom Freak,M,3,9041.15,0.44,0.00,2024-01-08,Retail,Kolkata,1597.12,15189.13,False,2024,1,8,Monday,0.11,5063.04
3523,Kids,Training,SuperRep Go,S,2,7061.50,0.00,0.00,2024-06-09,Retail,Kolkata,825.03,14123.00,False,2024,6,9,Sunday,0.06,7061.50
3524,Kids,Training,SuperRep Go,M,3,4493.02,0.00,0.00,2024-11-12,Online,Mumbai,1646.10,15725.57,False,2024,11,12,Tuesday,0.10,5241.86
3525,Kids,Running,React Infinity,L,3,7170.91,0.00,0.00,2025-01-29,Retail,Mumbai,3030.50,21512.73,False,2025,1,29,Wednesday,0.14,7170.91
2030,Men,Basketball,Air Jordan,XL,2,9593.65,0.00,0.00,2024-12-18,Online,Hyderabad,2272.16,19187.30,False,2024,12,18,Wednesday,0.12,9593.65
3527,Men,Soccer,Phantom GT,XL,3,5259.05,0.00,0.00,2025-06-12,Online,Mumbai,-257.35,15777.15,False,2025,6,12,Thursday,-0.02,5259.05
3528,Kids,Running,React Infinity,L,2,3742.67,0.00,0.00,2024-08-21,Retail,Hyderabad,2662.77,7485.34,False,2024,8,21,Wednesday,0.36,3742.67
3529,Men,Training,SuperRep Go,L,1,7534.51,0.20,0.00,2025-03-28,Retail,Delhi,1448.77,6027.61,False,2025,3,28,Friday,0.24,6027.61
3531,Women,Basketball,LeBron 20,L,1,9015.65,0.07,0.00,2024-05-19,Online,Delhi,1932.99,8384.55,False,2024,5,19,Sunday,0.23,8384.55
3532,Kids,Running,React Infinity,XL,3,9244.96,0.47,0.00,2024-05-07,Online,Mumbai,-955.19,14699.49,False,2024,5,7,Tuesday,-0.06,4899.83
3533,Kids,Running,Air Zoom,L,2,6077.13,0.00,0.00,2023-11-05,Retail,Hyderabad,451.71,12154.26,False,2023,11,5,Sunday,0.04,6077.13
3534,Kids,Basketball,Zoom Freak,M,3,3280.57,0.62,3739.85,2024-11-09,Retail,Kolkata,427.76,3739.85,False,2024,11,9,Saturday,0.11,1246.62
3535,Kids,Basketball,LeBron 20,XL,3,6302.89,0.82,0.00,2024-12-24,Retail,Pune,169.86,3403.56,False,2024,12,24,Tuesday,0.05,1134.52
3536,Women,Lifestyle,Dunk Low,XL,4,3929.30,0.00,0.00,2024-12-01,Retail,Bangalore,3934.31,15717.20,False,2024,12,1,Sunday,0.25,3929.30
3537,Men,Lifestyle,Blazer Mid,XL,2,5464.07,0.00,10928.14,2025-06-15,Online,Kolkata,3170.78,10928.14,False,2025,6,15,Sunday,0.29,5464.07
3539,Kids,Lifestyle,Air Force 1,XL,3,7706.30,0.00,23118.90,2024-08-01,Retail,Hyderabad,2366.58,23118.90,False,2024,8,1,Thursday,0.10,7706.30
3542,Men,Lifestyle,Air Force 1,M,1,7199.03,0.61,0.00,2024-11-28,Retail,Mumbai,1826.07,2807.62,False,2024,11,28,Thursday,0.65,2807.62
3543,Kids,Lifestyle,Dunk Low,L,2,4189.36,0.00,0.00,2024-11-22,Retail,Pune,2712.79,8378.72,False,2024,11,22,Friday,0.32,4189.36
3544,Men,Running,Air Zoom,M,2,3923.39,0.00,0.00,2024-02-13,Retail,Kolkata,-684.88,7846.78,False,2024,2,13,Tuesday,-0.09,3923.39
3545,Men,Training,Flex Trainer,XL,3,7730.77,0.00,0.00,2023-08-03,Online,Delhi,2239.86,23192.31,False,2023,8,3,Thursday,0.10,7730.77
3546,Men,Lifestyle,Waffle One,L,2,3339.95,0.00,0.00,2024-03-22,Retail,Delhi,945.11,8349.88,False,2024,3,22,Friday,0.11,4174.94
3547,Kids,Soccer,Tiempo Legend,XL,4,5148.80,0.00,0.00,2024-12-10,Online,Delhi,2157.74,20595.20,False,2024,12,10,Tuesday,0.10,5148.80
3548,Kids,Soccer,Phantom GT,S,3,7607.45,0.00,0.00,2024-03-12,Online,Kolkata,3366.32,22822.35,False,2024,3,12,Tuesday,0.15,7607.45
3550,Women,Lifestyle,Air Force 1,M,4,8645.09,0.00,0.00,2024-07-26,Online,Bangalore,3289.86,34580.36,False,2024,7,26,Friday,0.10,8645.09
3551,Women,Training,SuperRep Go,L,2,9948.15,0.00,0.00,2023-08-02,Retail,Kolkata,-259.16,19896.30,False,2023,8,2,Wednesday,-0.01,9948.15
3552,Men,Running,React Infinity,XL,4,5743.67,0.00,0.00,2025-05-17,Retail,Mumbai,762.95,22974.68,False,2025,5,17,Saturday,0.03,5743.67
3553,Women,Running,Air Zoom,XL,2,5216.27,0.00,0.00,2025-06-25,Online,Pune,-720.87,10432.54,False,2025,6,25,Wednesday,-0.07,5216.27
3554,Men,Soccer,Premier III,L,1,7323.53,0.00,0.00,2024-07-21,Retail,Bangalore,2052.71,7323.53,False,2024,7,21,Sunday,0.28,7323.53
3555,Kids,Soccer,Phantom GT,M,2,3664.10,0.00,0.00,2025-04-26,Retail,Hyderabad,-1069.25,7328.20,False,2025,4,26,Saturday,-0.15,3664.10
3556,Women,Basketball,Kyrie Flytrap,M,4,5562.46,0.00,0.00,2025-03-13,Retail,Kolkata,-843.61,22249.84,False,2025,3,13,Thursday,-0.04,5562.46
3557,Kids,Basketball,Air Jordan,L,1,9405.77,0.66,0.00,2024-08-09,Retail,Hyderabad,-884.81,3197.96,False,2024,8,9,Friday,-0.28,3197.96
3558,Women,Training,Flex Trainer,L,4,4045.21,0.00,0.00,2024-08-30,Online,Mumbai,-113.44,16180.84,False,2024,8,30,Friday,-0.01,4045.21
3559,Women,Running,Pegasus Turbo,M,2,5996.09,0.00,0.00,2025-04-07,Online,Delhi,-787.01,11992.18,False,2025,4,7,Monday,-0.07,5996.09
3560,Women,Soccer,Phantom GT,L,2,9212.82,0.13,0.00,2023-07-26,Retail,Hyderabad,3662.98,16030.31,False,2023,7,26,Wednesday,0.23,8015.15
3561,Women,Basketball,Zoom Freak,L,2,7393.76,0.00,0.00,2024-07-24,Online,Kolkata,1062.39,18484.40,False,2024,7,24,Wednesday,0.06,9242.20
3562,Women,Basketball,LeBron 20,L,1,7919.76,0.00,0.00,2024-10-31,Retail,Delhi,1904.66,7919.76,False,2024,10,31,Thursday,0.24,7919.76
3563,Kids,Running,Pegasus Turbo,L,2,2470.43,0.00,0.00,2024-02-13,Online,Kolkata,233.05,4940.86,False,2024,2,13,Tuesday,0.05,2470.43
3564,Kids,Soccer,Premier III,S,2,6077.13,0.00,0.00,2024-08-22,Retail,Kolkata,2685.43,12154.26,False,2024,8,22,Thursday,0.22,6077.13
3566,Men,Lifestyle,Waffle One,XL,1,3860.64,0.00,0.00,2024-12-12,Retail,Hyderabad,2315.64,3860.64,False,2024,12,12,Thursday,0.60,3860.64
3567,Men,Lifestyle,Air Force 1,L,2,6011.84,0.56,0.00,2024-10-19,Online,Kolkata,1353.32,5290.42,False,2024,10,19,Saturday,0.26,2645.21
3569,Women,Soccer,Phantom GT,XL,2,9203.00,0.00,0.00,2024-08-12,Online,Kolkata,1797.66,23007.50,False,2024,8,12,Monday,0.08,11503.75
3570,Men,Soccer,Tiempo Legend,XL,3,9713.73,0.00,0.00,2025-02-23,Online,Delhi,1914.18,33998.06,False,2025,2,23,Sunday,0.06,11332.68
3571,Kids,Basketball,LeBron 20,XL,1,7596.71,0.00,0.00,2024-05-19,Online,Delhi,166.47,7596.71,False,2024,5,19,Sunday,0.02,7596.71
3572,Kids,Basketball,LeBron 20,S,2,7104.38,0.00,0.00,2024-05-19,Retail,Delhi,3729.45,14208.76,False,2024,5,19,Sunday,0.26,7104.38
3573,Men,Basketball,Air Jordan,XL,1,6830.98,0.39,4166.90,2025-03-18,Retail,Mumbai,-175.76,4166.90,False,2025,3,18,Tuesday,-0.04,4166.90
3576,Women,Lifestyle,Waffle One,M,2,3533.18,0.00,0.00,2024-03-17,Retail,Bangalore,-586.23,7066.36,False,2024,3,17,Sunday,-0.08,3533.18
3578,Men,Lifestyle,Blazer Mid,XL,4,6348.19,0.00,0.00,2024-08-01,Retail,Hyderabad,1939.74,25392.76,False,2024,8,1,Thursday,0.08,6348.19
3580,Men,Basketball,LeBron 20,M,3,2992.37,0.00,0.00,2024-01-08,Retail,Kolkata,677.35,8977.11,False,2024,1,8,Monday,0.08,2992.37
3581,Women,Soccer,Phantom GT,L,4,6077.13,0.00,0.00,2024-12-23,Retail,Kolkata,2178.05,24308.52,False,2024,12,23,Monday,0.09,6077.13
3582,Kids,Soccer,Mercurial Superfly,M,3,2117.04,0.00,0.00,2024-09-01,Online,Pune,806.52,7409.64,False,2024,9,1,Sunday,0.11,2469.88
3583,Men,Basketball,Kyrie Flytrap,XL,3,3153.32,0.02,0.00,2025-05-26,Online,Bangalore,204.06,9270.76,False,2025,5,26,Monday,0.02,3090.25
3584,Men,Basketball,Air Jordan,L,1,3500.16,0.00,0.00,2025-03-19,Online,Kolkata,-258.05,3500.16,False,2025,3,19,Wednesday,-0.07,3500.16
3585,Men,Running,Air Zoom,XL,2,3923.39,0.52,0.00,2025-05-03,Retail,Kolkata,1263.91,3766.45,False,2025,5,3,Saturday,0.34,1883.23
3586,Women,Lifestyle,Waffle One,L,3,5798.69,0.00,0.00,2024-12-14,Online,Delhi,3579.64,17396.07,False,2024,12,14,Saturday,0.21,5798.69
3587,Men,Training,SuperRep Go,S,3,6819.78,0.00,0.00,2025-07-01,Online,Bangalore,-1182.04,20459.34,False,2025,7,1,Tuesday,-0.06,6819.78
3588,Men,Lifestyle,Waffle One,L,1,7808.46,0.00,0.00,2024-08-29,Online,Pune,3190.87,7808.46,False,2024,8,29,Thursday,0.41,7808.46
3589,Kids,Training,Flex Trainer,XL,1,8442.39,0.00,0.00,2024-12-09,Retail,Mumbai,-247.69,12663.58,False,2024,12,9,Monday,-0.02,12663.58
2025,Men,Lifestyle,Waffle One,L,1,5245.87,0.00,0.00,2024-08-01,Retail,Hyderabad,-1193.87,5245.87,False,2024,8,1,Thursday,-0.23,5245.87
3591,Kids,Running,Pegasus Turbo,M,2,3718.65,0.00,0.00,2024-11-08,Retail,Delhi,2210.66,7437.30,False,2024,11,8,Friday,0.30,3718.65
3592,Women,Running,Free RN,L,3,8609.05,0.00,0.00,2025-06-15,Retail,Kolkata,1289.77,25827.15,False,2025,6,15,Sunday,0.05,8609.05
3593,Women,Basketball,Air Jordan,L,4,6452.43,0.00,0.00,2024-09-21,Online,Pune,-1012.43,25809.72,False,2024,9,21,Saturday,-0.04,6452.43
3595,Kids,Running,Air Zoom,L,3,6890.68,0.00,0.00,2023-09-05,Online,Pune,3385.84,20672.04,False,2023,9,5,Tuesday,0.16,6890.68
3596,Men,Training,Metcon 7,M,2,9701.91,0.00,0.00,2025-06-10,Online,Pune,-66.97,19403.82,False,2025,6,10,Tuesday,-0.00,9701.91
3597,Kids,Basketball,Zoom Freak,M,3,8426.54,0.00,0.00,2025-04-07,Online,Hyderabad,230.40,25279.62,False,2025,4,7,Monday,0.01,8426.54
3598,Men,Soccer,Tiempo Legend,XL,1,3080.23,0.00,0.00,2024-12-10,Online,Delhi,-798.42,3080.23,False,2024,12,10,Tuesday,-0.26,3080.23
3599,Kids,Training,Flex Trainer,L,4,6815.44,0.00,0.00,2024-10-09,Online,Pune,-1041.33,27261.76,False,2024,10,9,Wednesday,-0.04,6815.44
3600,Women,Soccer,Phantom GT,XL,4,6077.13,0.65,0.00,2024-01-09,Online,Hyderabad,1129.12,8507.98,False,2024,1,9,Tuesday,0.13,2127.00
3601,Women,Running,Free RN,XL,2,4318.12,0.00,0.00,2024-08-19,Retail,Pune,2730.68,8636.24,False,2024,8,19,Monday,0.32,4318.12
2019,Men,Running,Air Zoom,M,2,5550.99,0.00,0.00,2024-12-24,Retail,Bangalore,-229.65,13877.47,False,2024,12,24,Tuesday,-0.02,6938.74
3604,Kids,Training,Flex Trainer,L,1,8442.39,0.00,0.00,2024-12-21,Retail,Mumbai,-1150.99,12663.58,False,2024,12,21,Saturday,-0.09,12663.58
3605,Men,Soccer,Phantom GT,M,2,8837.76,0.00,0.00,2025-01-09,Online,Hyderabad,1627.87,17675.52,False,2025,1,9,Thursday,0.09,8837.76
3606,Women,Basketball,LeBron 20,XL,3,3515.86,0.00,0.00,2025-02-14,Retail,Pune,-511.49,10547.58,False,2025,2,14,Friday,-0.05,3515.86
3607,Kids,Training,SuperRep Go,L,2,3020.51,0.08,0.00,2025-01-03,Retail,Kolkata,3934.51,5557.74,False,2025,1,3,Friday,0.71,2778.87
3608,Men,Soccer,Premier III,XL,4,4175.29,0.00,0.00,2025-06-14,Retail,Delhi,-610.18,16701.16,False,2025,6,14,Saturday,-0.04,4175.29
3609,Men,Training,SuperRep Go,XL,3,2225.73,0.00,0.00,2024-03-11,Online,Delhi,-696.69,6677.19,False,2024,3,11,Monday,-0.10,2225.73
3610,Kids,Lifestyle,Dunk Low,L,2,6077.13,0.64,0.00,2025-03-14,Online,Kolkata,-336.38,4375.53,False,2025,3,14,Friday,-0.08,2187.77
3612,Women,Running,Air Zoom,XL,1,4632.00,0.00,0.00,2025-06-22,Online,Mumbai,2397.42,4632.00,False,2025,6,22,Sunday,0.52,4632.00
3613,Men,Lifestyle,Blazer Mid,XL,4,6077.13,0.00,0.00,2024-08-16,Online,Hyderabad,2136.73,24308.52,False,2024,8,16,Friday,0.09,6077.13
3614,Men,Training,ZoomX Invincible,L,2,6186.30,0.22,0.00,2024-09-17,Online,Pune,2169.69,9650.63,False,2024,9,17,Tuesday,0.22,4825.31
3615,Women,Lifestyle,Blazer Mid,L,3,6077.13,0.00,0.00,2024-03-22,Retail,Delhi,-582.42,18231.39,False,2024,3,22,Friday,-0.03,6077.13
3616,Kids,Lifestyle,Blazer Mid,L,1,9799.16,0.00,0.00,2025-01-07,Retail,Kolkata,3969.15,9799.16,False,2025,1,7,Tuesday,0.41,9799.16
3617,Men,Soccer,Premier III,M,2,4694.37,0.00,0.00,2024-11-20,Online,Mumbai,2406.47,9388.74,False,2024,11,20,Wednesday,0.26,4694.37
3618,Men,Soccer,Mercurial Superfly,M,3,2209.45,0.00,0.00,2025-06-15,Retail,Kolkata,932.04,6628.35,False,2025,6,15,Sunday,0.14,2209.45
3621,Women,Basketball,LeBron 20,L,2,9699.01,0.00,0.00,2025-04-20,Retail,Mumbai,3858.11,19398.02,False,2025,4,20,Sunday,0.20,9699.01
3622,Women,Soccer,Premier III,M,3,2187.91,0.00,0.00,2024-09-22,Online,Hyderabad,1951.56,6563.73,False,2024,9,22,Sunday,0.30,2187.91
3623,Men,Lifestyle,Waffle One,XL,2,6547.03,0.75,0.00,2025-06-24,Retail,Mumbai,1980.48,3273.52,False,2025,6,24,Tuesday,0.61,1636.76
3625,Kids,Soccer,Tiempo Legend,XL,3,7155.10,0.00,0.00,2025-03-02,Retail,Kolkata,849.98,21465.30,False,2025,3,2,Sunday,0.04,7155.10
3626,Men,Running,React Infinity,S,2,6077.13,0.00,0.00,2024-09-24,Retail,Pune,1911.32,12154.26,False,2024,9,24,Tuesday,0.16,6077.13
3627,Kids,Training,SuperRep Go,M,3,4493.02,0.00,0.00,2024-12-21,Online,Mumbai,396.74,15725.57,False,2024,12,21,Saturday,0.03,5241.86
3628,Kids,Running,Free RN,L,1,8584.41,0.98,0.00,2025-01-23,Online,Hyderabad,-357.52,171.69,False,2025,1,23,Thursday,-2.08,171.69
3629,Kids,Soccer,Mercurial Superfly,XL,1,6077.13,0.00,0.00,2024-01-09,Online,Hyderabad,-1052.78,6077.13,False,2024,1,9,Tuesday,-0.17,6077.13
3631,Men,Training,Metcon 7,XL,3,2855.37,0.00,0.00,2024-12-21,Retail,Bangalore,185.49,8566.11,False,2024,12,21,Saturday,0.02,2855.37
3632,Kids,Basketball,LeBron 20,M,1,6745.63,0.56,0.00,2024-10-12,Retail,Bangalore,2836.11,2968.08,False,2024,10,12,Saturday,0.96,2968.08
3633,Kids,Training,Flex Trainer,L,2,3019.98,0.00,0.00,2024-12-21,Online,Bangalore,1647.81,6039.96,False,2024,12,21,Saturday,0.27,3019.98
3634,Men,Lifestyle,Waffle One,L,3,6154.32,0.00,0.00,2025-08-07,Online,Kolkata,3717.46,18462.96,False,2025,8,7,Thursday,0.20,6154.32
3635,Men,Training,SuperRep Go,M,2,2640.04,0.00,0.00,2025-03-22,Retail,Bangalore,3656.45,5280.08,False,2025,3,22,Saturday,0.69,2640.04
3636,Women,Soccer,Tiempo Legend,M,2,7881.53,0.00,0.00,2023-12-19,Retail,Delhi,2615.73,15763.06,False,2023,12,19,Tuesday,0.17,7881.53
3637,Women,Running,Pegasus Turbo,S,2,6577.39,0.00,0.00,2025-05-29,Retail,Delhi,1945.90,13154.78,False,2025,5,29,Thursday,0.15,6577.39
3638,Kids,Basketball,Air Jordan,M,1,3701.59,0.00,0.00,2025-05-20,Online,Kolkata,1148.57,3701.59,False,2025,5,20,Tuesday,0.31,3701.59
3639,Men,Soccer,Mercurial Superfly,XL,3,7982.20,0.43,0.00,2025-01-05,Online,Pune,2929.76,15924.49,False,2025,1,5,Sunday,0.18,5308.16
3643,Kids,Training,Metcon 7,L,2,9262.45,0.73,0.00,2025-01-03,Online,Kolkata,2037.13,6252.15,False,2025,1,3,Friday,0.33,3126.08
3644,Kids,Running,React Infinity,M,2,5702.53,0.00,0.00,2023-10-31,Online,Delhi,1437.04,11405.06,False,2023,10,31,Tuesday,0.13,5702.53
3645,Men,Soccer,Tiempo Legend,L,2,6830.85,0.81,0.00,2024-08-22,Online,Kolkata,632.37,2595.72,False,2024,8,22,Thursday,0.24,1297.86
3646,Men,Training,Flex Trainer,XL,3,7036.03,0.00,0.00,2025-04-21,Online,Bangalore,2873.66,21108.09,False,2025,4,21,Monday,0.14,7036.03
3648,Men,Soccer,Tiempo Legend,M,2,4717.08,0.00,0.00,2025-01-08,Online,Bangalore,3584.04,11792.70,False,2025,1,8,Wednesday,0.30,5896.35
3650,Women,Soccer,Premier III,M,4,2422.97,0.00,0.00,2024-01-07,Retail,Delhi,-520.93,9691.88,False,2024,1,7,Sunday,-0.05,2422.97
3651,Men,Training,SuperRep Go,M,2,8891.63,0.00,0.00,2024-12-17,Retail,Delhi,-636.77,22229.07,False,2024,12,17,Tuesday,-0.03,11114.54
3653,Men,Running,Air Zoom,L,2,2943.44,0.00,0.00,2024-03-12,Retail,Hyderabad,1642.93,5886.88,False,2024,3,12,Tuesday,0.28,2943.44
3654,Women,Training,Metcon 7,L,3,8609.77,0.00,0.00,2024-10-09,Retail,Pune,2395.74,25829.31,False,2024,10,9,Wednesday,0.09,8609.77
3655,Women,Lifestyle,Air Force 1,S,3,9240.64,0.00,0.00,2025-05-08,Retail,Pune,3499.88,27721.92,False,2025,5,8,Thursday,0.13,9240.64
3656,Men,Lifestyle,Waffle One,L,4,6283.23,0.00,0.00,2025-11-06,Retail,Pune,3421.81,25132.94,False,2025,11,6,Thursday,0.14,6283.23
3658,Women,Training,Flex Trainer,L,2,3516.53,0.00,0.00,2024-10-14,Retail,Delhi,1485.12,8791.33,False,2024,10,14,Monday,0.17,4395.66
3659,Kids,Running,Air Zoom,S,1,6077.13,0.00,0.00,2024-02-13,Online,Kolkata,684.79,9115.69,False,2024,2,13,Tuesday,0.08,9115.69
2033,Women,Running,React Infinity,M,3,4885.29,0.80,0.00,2024-07-23,Retail,Delhi,437.17,2931.17,False,2024,7,23,Tuesday,0.15,977.06
3662,Kids,Lifestyle,Waffle One,L,4,9032.90,0.64,13007.38,2024-07-26,Online,Bangalore,131.76,13007.38,False,2024,7,26,Friday,0.01,3251.84
3663,Women,Training,SuperRep Go,L,2,5604.03,0.00,0.00,2025-04-09,Retail,Delhi,3359.81,14010.07,False,2025,4,9,Wednesday,0.24,7005.04
3664,Women,Training,Flex Trainer,XL,1,9608.99,0.00,0.00,2025-04-20,Retail,Mumbai,480.16,14413.49,False,2025,4,20,Sunday,0.03,14413.49
3665,Women,Lifestyle,Blazer Mid,L,4,2958.10,0.00,0.00,2024-07-06,Retail,Hyderabad,2003.55,11832.40,False,2024,7,6,Saturday,0.17,2958.10
3666,Women,Running,Air Zoom,L,2,6217.18,0.00,0.00,2025-04-07,Retail,Delhi,3382.55,12434.35,False,2025,4,7,Monday,0.27,6217.18
3667,Kids,Running,Air Zoom,M,4,9386.20,0.01,37169.35,2024-08-19,Online,Pune,-1121.02,37169.35,False,2024,8,19,Monday,-0.03,9292.34
3668,Kids,Soccer,Premier III,XL,1,4045.64,0.00,0.00,2024-10-27,Retail,Mumbai,795.86,4045.64,False,2024,10,27,Sunday,0.20,4045.64
3669,Women,Lifestyle,Blazer Mid,L,2,2287.32,0.00,0.00,2023-08-27,Online,Kolkata,3859.90,4574.64,False,2023,8,27,Sunday,0.84,2287.32
3670,Men,Lifestyle,Waffle One,L,1,7808.46,0.00,0.00,2024-04-11,Online,Pune,-929.07,7808.46,False,2024,4,11,Thursday,-0.12,7808.46
3671,Women,Running,Pegasus Turbo,M,2,6128.02,0.01,0.00,2024-12-24,Retail,Bangalore,552.10,12133.49,False,2024,12,24,Tuesday,0.05,6066.74
3672,Women,Soccer,Tiempo Legend,S,3,7127.18,0.32,14539.45,2024-08-16,Online,Delhi,2651.63,14539.45,False,2024,8,16,Friday,0.18,4846.48
3673,Kids,Lifestyle,Dunk Low,S,2,7319.48,0.00,0.00,2024-10-13,Retail,Mumbai,2199.46,14638.96,False,2024,10,13,Sunday,0.15,7319.48
3674,Men,Lifestyle,Waffle One,XL,1,7808.46,0.00,0.00,2025-04-18,Online,Pune,1819.44,7808.46,False,2025,4,18,Friday,0.23,7808.46
3675,Men,Running,Pegasus Turbo,M,2,3315.29,0.00,0.00,2024-11-13,Online,Delhi,3969.03,6630.58,False,2024,11,13,Wednesday,0.60,3315.29
3676,Men,Soccer,Tiempo Legend,M,3,3080.23,0.00,0.00,2024-12-10,Online,Delhi,1923.50,10780.81,False,2024,12,10,Tuesday,0.18,3593.60
3677,Women,Soccer,Mercurial Superfly,L,3,4009.47,0.00,0.00,2024-09-01,Online,Pune,717.69,14033.14,False,2024,9,1,Sunday,0.05,4677.71
3678,Women,Lifestyle,Waffle One,L,3,7203.25,0.00,0.00,2024-08-14,Online,Kolkata,1488.91,21609.75,False,2024,8,14,Wednesday,0.07,7203.25
3680,Men,Training,Flex Trainer,XL,3,8835.41,0.92,2120.50,2025-01-27,Retail,Delhi,-746.28,2120.50,False,2025,1,27,Monday,-0.35,706.83
3682,Women,Basketball,Zoom Freak,XL,3,6158.05,0.00,0.00,2024-09-10,Retail,Mumbai,160.21,18474.15,False,2024,9,10,Tuesday,0.01,6158.05
3683,Women,Soccer,Premier III,L,2,5148.81,0.00,0.00,2024-05-15,Retail,Kolkata,-4.26,10297.62,False,2024,5,15,Wednesday,-0.00,5148.81
3684,Kids,Soccer,Tiempo Legend,L,4,3440.57,0.00,0.00,2024-01-09,Online,Hyderabad,3299.44,13762.28,False,2024,1,9,Tuesday,0.24,3440.57
3685,Women,Basketball,Air Jordan,XL,3,2633.72,0.00,0.00,2025-02-13,Retail,Hyderabad,1668.00,7901.16,False,2025,2,13,Thursday,0.21,2633.72
3686,Women,Training,SuperRep Go,M,3,4905.34,0.00,0.00,2024-10-26,Retail,Hyderabad,-2.86,14716.01,False,2024,10,26,Saturday,-0.00,4905.34
3688,Kids,Running,React Infinity,L,1,5048.98,0.00,0.00,2025-04-17,Retail,Kolkata,1214.86,5048.98,False,2025,4,17,Thursday,0.24,5048.98
3689,Women,Soccer,Phantom GT,XL,2,6878.15,0.00,0.00,2024-09-01,Retail,Pune,1854.17,13756.30,False,2024,9,1,Sunday,0.13,6878.15
3691,Men,Soccer,Premier III,L,4,7264.55,0.51,0.00,2025-03-28,Online,Bangalore,2305.88,14238.52,False,2025,3,28,Friday,0.16,3559.63
3693,Men,Basketball,Air Jordan,XL,3,4239.94,0.00,0.00,2025-04-19,Retail,Hyderabad,-35.71,12719.82,False,2025,4,19,Saturday,-0.00,4239.94
3696,Kids,Training,ZoomX Invincible,M,2,6425.04,0.00,0.00,2024-11-09,Retail,Kolkata,1966.58,16062.60,False,2024,11,9,Saturday,0.12,8031.30
3699,Women,Running,Air Zoom,S,2,8400.10,0.47,0.00,2024-06-10,Retail,Delhi,249.58,8904.11,False,2024,6,10,Monday,0.03,4452.05
3700,Men,Soccer,Premier III,XL,2,3951.29,0.00,0.00,2024-12-10,Online,Delhi,-70.93,7902.58,False,2024,12,10,Tuesday,-0.01,3951.29
3701,Men,Training,Metcon 7,L,2,9459.94,0.58,0.00,2024-12-21,Online,Bangalore,-463.88,9932.94,False,2024,12,21,Saturday,-0.05,4966.47
3703,Men,Running,Air Zoom,M,2,2776.53,0.00,0.00,2024-10-01,Online,Mumbai,326.86,5553.06,False,2024,10,1,Tuesday,0.06,2776.53
3704,Kids,Running,Pegasus Turbo,M,2,3539.50,0.31,0.00,2025-04-07,Retail,Delhi,3556.62,4884.51,False,2025,4,7,Monday,0.73,2442.25
3705,Kids,Training,Metcon 7,S,1,5644.10,0.09,0.00,2024-09-11,Online,Hyderabad,3860.78,7704.20,False,2024,9,11,Wednesday,0.50,7704.20
3706,Men,Running,Pegasus Turbo,M,1,9437.73,0.00,0.00,2025-09-03,Retail,Hyderabad,3271.38,9437.73,False,2025,9,3,Wednesday,0.35,9437.73
3707,Kids,Lifestyle,Waffle One,L,4,9532.80,0.00,0.00,2025-02-01,Online,Mumbai,732.26,38131.20,False,2025,2,1,Saturday,0.02,9532.80
3710,Kids,Lifestyle,Blazer Mid,L,4,9015.80,0.00,0.00,2024-10-13,Online,Mumbai,1695.86,36063.20,False,2024,10,13,Sunday,0.05,9015.80
3711,Kids,Basketball,Zoom Freak,XL,2,6887.39,0.53,0.00,2023-12-28,Online,Delhi,1077.08,6474.15,False,2023,12,28,Thursday,0.17,3237.07
3712,Kids,Basketball,Air Jordan,L,2,3455.53,0.00,0.00,2024-08-03,Online,Delhi,3810.67,6911.06,False,2024,8,3,Saturday,0.55,3455.53
3713,Men,Basketball,Zoom Freak,XL,3,5811.76,0.68,0.00,2024-10-30,Retail,Pune,3271.73,5579.29,False,2024,10,30,Wednesday,0.59,1859.76
3714,Kids,Soccer,Tiempo Legend,L,2,3568.35,0.00,0.00,2025-02-21,Retail,Mumbai,2363.52,7136.70,False,2025,2,21,Friday,0.33,3568.35
3715,Men,Lifestyle,Air Force 1,L,4,5505.76,0.00,0.00,2025-06-23,Online,Bangalore,2774.43,22023.04,False,2025,6,23,Monday,0.13,5505.76
3718,Kids,Training,ZoomX Invincible,L,3,6140.23,0.00,0.00,2025-01-03,Online,Kolkata,701.83,21490.79,False,2025,1,3,Friday,0.03,7163.60
3719,Men,Running,Free RN,L,2,5943.38,0.23,9152.81,2025-06-21,Online,Bangalore,3260.51,9152.81,False,2025,6,21,Saturday,0.36,4576.40
3720,Men,Lifestyle,Blazer Mid,XL,3,7365.14,0.00,0.00,2025-01-24,Retail,Delhi,3369.92,22095.42,False,2025,1,24,Friday,0.15,7365.14
3721,Kids,Soccer,Tiempo Legend,L,3,7155.10,0.00,0.00,2025-07-02,Retail,Kolkata,2274.14,21465.30,False,2025,7,2,Wednesday,0.11,7155.10
3722,Kids,Training,ZoomX Invincible,S,1,9335.00,0.22,7281.30,2023-11-21,Retail,Mumbai,1787.45,7281.30,False,2023,11,21,Tuesday,0.25,7281.30
3724,Kids,Basketball,LeBron 20,XL,2,2248.14,0.00,0.00,2025-01-22,Online,Bangalore,-866.33,4496.28,False,2025,1,22,Wednesday,-0.19,2248.14
3725,Men,Soccer,Phantom GT,S,2,6318.92,0.00,0.00,2025-05-18,Online,Bangalore,3353.55,15797.30,False,2025,5,18,Sunday,0.21,7898.65
3726,Kids,Soccer,Tiempo Legend,L,1,7767.20,0.00,0.00,2025-01-30,Retail,Pune,-239.87,7767.20,False,2025,1,30,Thursday,-0.03,7767.20
3727,Women,Basketball,Zoom Freak,L,3,6171.89,0.60,0.00,2024-12-17,Retail,Delhi,1555.74,7406.26,False,2024,12,17,Tuesday,0.21,2468.75
3728,Men,Training,Metcon 7,S,2,8854.95,0.00,0.00,2024-12-21,Online,Bangalore,1376.74,22137.38,False,2024,12,21,Saturday,0.06,11068.69
3729,Men,Running,Free RN,M,2,7086.70,0.00,0.00,2025-06-02,Retail,Hyderabad,2966.82,14173.40,False,2025,6,2,Monday,0.21,7086.70
3730,Kids,Training,ZoomX Invincible,M,1,7865.95,0.00,0.00,2024-12-21,Online,Bangalore,3302.11,7865.95,False,2024,12,21,Saturday,0.42,7865.95
3731,Kids,Soccer,Phantom GT,L,1,7038.04,0.00,0.00,2025-02-13,Online,Delhi,301.90,7038.04,False,2025,2,13,Thursday,0.04,7038.04
2016,Women,Training,Metcon 7,L,2,4071.46,0.00,0.00,2024-03-15,Retail,Delhi,-263.86,8142.92,False,2024,3,15,Friday,-0.03,4071.46
3734,Men,Basketball,Air Jordan,L,1,7252.82,0.43,0.00,2024-01-08,Online,Kolkata,1537.11,4134.11,False,2024,1,8,Monday,0.37,4134.11
3735,Kids,Basketball,LeBron 20,M,2,2248.14,0.00,0.00,2024-09-19,Online,Bangalore,3686.20,4496.28,False,2024,9,19,Thursday,0.82,2248.14
3736,Men,Training,ZoomX Invincible,M,1,6897.68,0.38,0.00,2024-10-09,Retail,Pune,-1171.61,4276.56,False,2024,10,9,Wednesday,-0.27,4276.56
3738,Men,Soccer,Premier III,L,1,6968.08,0.02,6828.72,2025-03-30,Online,Delhi,-673.94,6828.72,False,2025,3,30,Sunday,-0.10,6828.72
3741,Kids,Lifestyle,Air Force 1,L,2,8927.22,0.20,14283.55,2025-07-13,Retail,Kolkata,821.32,14283.55,False,2025,7,13,Sunday,0.06,7141.78
3742,Women,Soccer,Tiempo Legend,M,3,6077.13,0.78,0.00,2024-06-20,Retail,Mumbai,2266.51,4679.39,False,2024,6,20,Thursday,0.48,1559.80
3743,Men,Training,Flex Trainer,M,1,7005.67,0.20,0.00,2024-08-23,Retail,Kolkata,1370.17,5604.54,False,2024,8,23,Friday,0.24,5604.54
3744,Kids,Training,SuperRep Go,M,3,2370.48,0.00,0.00,2024-12-21,Online,Bangalore,2830.51,7111.44,False,2024,12,21,Saturday,0.40,2370.48
3745,Men,Lifestyle,Waffle One,L,3,6154.32,0.00,0.00,2025-03-09,Online,Kolkata,552.84,18462.96,False,2025,3,9,Sunday,0.03,6154.32
3746,Kids,Lifestyle,Waffle One,M,2,7490.78,0.00,0.00,2024-12-06,Retail,Mumbai,2815.43,14981.56,False,2024,12,6,Friday,0.19,7490.78
3747,Men,Lifestyle,Air Force 1,L,4,5776.58,0.00,0.00,2025-06-08,Retail,Hyderabad,616.71,23106.32,False,2025,6,8,Sunday,0.03,5776.58
3748,Kids,Training,SuperRep Go,XL,3,6272.89,0.00,0.00,2024-12-21,Online,Bangalore,3386.86,18818.67,False,2024,12,21,Saturday,0.18,6272.89
3749,Men,Basketball,Air Jordan,L,1,6985.01,0.00,0.00,2025-05-21,Online,Kolkata,479.32,6985.01,False,2025,5,21,Wednesday,0.07,6985.01
3752,Kids,Soccer,Mercurial Superfly,L,2,9021.79,0.04,0.00,2024-10-07,Retail,Kolkata,2618.72,17321.84,False,2024,10,7,Monday,0.15,8660.92
3753,Kids,Training,ZoomX Invincible,L,2,9315.06,0.00,18630.12,2025-03-30,Online,Hyderabad,-757.47,18630.12,False,2025,3,30,Sunday,-0.04,9315.06
3754,Kids,Running,Free RN,L,3,4288.27,0.00,0.00,2024-09-29,Online,Bangalore,828.22,12864.81,False,2024,9,29,Sunday,0.06,4288.27
3755,Women,Soccer,Phantom GT,M,4,2342.16,0.25,7026.48,2025-04-20,Retail,Mumbai,1007.00,7026.48,False,2025,4,20,Sunday,0.14,1756.62
3756,Men,Basketball,Kyrie Flytrap,XL,2,3443.10,0.00,0.00,2024-10-01,Retail,Hyderabad,-289.63,6886.20,False,2024,10,1,Tuesday,-0.04,3443.10
3757,Men,Training,Metcon 7,M,2,6077.13,0.00,0.00,2024-06-12,Retail,Hyderabad,-106.88,12154.26,False,2024,6,12,Wednesday,-0.01,6077.13
3758,Kids,Running,Pegasus Turbo,M,3,4306.67,0.00,0.00,2025-05-10,Retail,Delhi,-233.45,12920.01,False,2025,5,10,Saturday,-0.02,4306.67
3760,Men,Basketball,Air Jordan,S,1,8313.84,0.00,0.00,2025-05-29,Online,Kolkata,1735.58,8313.84,False,2025,5,29,Thursday,0.21,8313.84
3761,Women,Basketball,Zoom Freak,L,4,2972.38,0.14,10224.99,2024-11-18,Online,Hyderabad,2569.74,10224.99,False,2024,11,18,Monday,0.25,2556.25
3762,Men,Lifestyle,Air Force 1,M,1,2725.10,0.00,0.00,2025-06-07,Retail,Mumbai,-997.11,2725.10,False,2025,6,7,Saturday,-0.37,2725.10
3764,Men,Lifestyle,Blazer Mid,L,2,3953.60,0.00,0.00,2024-02-22,Online,Kolkata,528.86,7907.20,False,2024,2,22,Thursday,0.07,3953.60
3765,Kids,Running,Pegasus Turbo,M,3,9897.00,0.44,0.00,2024-09-02,Online,Hyderabad,3376.32,16626.96,False,2024,9,2,Monday,0.20,5542.32
3766,Women,Training,Metcon 7,M,2,6077.13,0.00,0.00,2024-10-09,Online,Pune,1979.80,12154.26,False,2024,10,9,Wednesday,0.16,6077.13
3767,Kids,Training,Flex Trainer,L,1,8442.39,0.20,0.00,2025-05-08,Retail,Mumbai,-102.84,6753.91,False,2025,5,8,Thursday,-0.02,6753.91
3768,Men,Soccer,Tiempo Legend,XL,3,6077.13,0.00,0.00,2024-03-10,Retail,Hyderabad,647.72,18231.39,False,2024,3,10,Sunday,0.04,6077.13
3769,Women,Running,Free RN,L,2,6178.39,0.62,0.00,2025-03-17,Retail,Bangalore,799.21,4695.58,False,2025,3,17,Monday,0.17,2347.79
3770,Women,Running,Free RN,M,4,3260.38,0.36,0.00,2024-02-03,Retail,Mumbai,3784.67,8346.57,False,2024,2,3,Saturday,0.45,2086.64
3772,Women,Soccer,Mercurial Superfly,XL,3,8140.47,0.00,0.00,2024-11-23,Retail,Pune,3115.97,24421.41,False,2024,11,23,Saturday,0.13,8140.47
3773,Men,Lifestyle,Dunk Low,L,2,3633.25,0.00,0.00,2024-08-01,Online,Hyderabad,-816.85,7266.50,False,2024,8,1,Thursday,-0.11,3633.25
3774,Women,Soccer,Mercurial Superfly,L,3,3126.57,0.00,0.00,2024-12-16,Retail,Hyderabad,66.02,9379.71,False,2024,12,16,Monday,0.01,3126.57
3776,Men,Soccer,Tiempo Legend,L,2,6830.85,0.00,0.00,2024-11-12,Online,Kolkata,-1034.46,13661.70,False,2024,11,12,Tuesday,-0.08,6830.85
3778,Kids,Lifestyle,Waffle One,L,3,7248.30,0.00,0.00,2025-05-06,Online,Kolkata,-672.15,21744.90,False,2025,5,6,Tuesday,-0.03,7248.30
3779,Women,Soccer,Tiempo Legend,M,2,6077.13,0.00,0.00,2024-12-17,Online,Kolkata,1073.22,12154.26,False,2024,12,17,Tuesday,0.09,6077.13
3781,Kids,Running,Pegasus Turbo,L,2,4803.70,0.36,0.00,2024-02-21,Retail,Mumbai,642.30,6148.74,False,2024,2,21,Wednesday,0.10,3074.37
3783,Women,Running,React Infinity,M,2,8500.65,0.00,0.00,2024-10-01,Online,Mumbai,3344.47,17001.30,False,2024,10,1,Tuesday,0.20,8500.65
3785,Kids,Lifestyle,Blazer Mid,XL,3,6464.00,0.45,10665.60,2024-03-22,Retail,Delhi,698.11,10665.60,False,2024,3,22,Friday,0.07,3555.20
3786,Men,Lifestyle,Air Force 1,M,2,6465.32,0.76,0.00,2025-11-06,Retail,Kolkata,155.59,3103.36,False,2025,11,6,Thursday,0.05,1551.68
3787,Kids,Soccer,Mercurial Superfly,L,1,5782.29,0.00,0.00,2024-01-25,Retail,Bangalore,2660.28,5782.29,False,2024,1,25,Thursday,0.46,5782.29
3788,Kids,Soccer,Tiempo Legend,L,3,7155.10,0.00,0.00,2025-05-18,Retail,Kolkata,-302.19,21465.30,False,2025,5,18,Sunday,-0.01,7155.10
3789,Women,Lifestyle,Air Force 1,XL,2,2738.79,0.00,0.00,2024-11-08,Retail,Hyderabad,863.29,5477.58,False,2024,11,8,Friday,0.16,2738.79
3790,Men,Basketball,Air Jordan,XL,2,7356.42,0.00,0.00,2025-07-13,Retail,Mumbai,-70.36,14712.84,False,2025,7,13,Sunday,-0.00,7356.42
3791,Kids,Basketball,Kyrie Flytrap,L,3,4523.72,0.00,0.00,2025-04-02,Online,Hyderabad,408.02,13571.16,False,2025,4,2,Wednesday,0.03,4523.72
3792,Men,Running,Free RN,L,1,5381.50,0.00,0.00,2024-07-23,Retail,Pune,3737.69,5381.50,False,2024,7,23,Tuesday,0.69,5381.50
3793,Women,Running,Pegasus Turbo,XL,3,2749.96,0.16,0.00,2025-01-23,Online,Hyderabad,-892.26,6929.90,False,2025,1,23,Thursday,-0.13,2309.97
3794,Men,Training,Flex Trainer,XL,3,9360.87,0.00,0.00,2025-04-18,Online,Pune,125.97,28082.61,False,2025,4,18,Friday,0.00,9360.87
3795,Men,Soccer,Phantom GT,M,4,4575.70,0.00,0.00,2024-09-20,Retail,Hyderabad,2418.53,18302.80,False,2024,9,20,Friday,0.13,4575.70
3796,Women,Basketball,Zoom Freak,M,4,6165.64,0.16,20716.55,2024-12-22,Online,Delhi,2081.43,20716.55,False,2024,12,22,Sunday,0.10,5179.14
3797,Women,Training,ZoomX Invincible,L,4,8735.51,0.13,0.00,2025-06-25,Online,Mumbai,433.58,30399.57,False,2025,6,25,Wednesday,0.01,7599.89
3798,Women,Training,SuperRep Go,L,3,3503.14,0.00,0.00,2025-05-24,Retail,Pune,957.97,10509.42,False,2025,5,24,Saturday,0.09,3503.14
3799,Men,Basketball,Air Jordan,XL,3,7881.86,0.00,0.00,2024-09-10,Retail,Mumbai,830.72,23645.58,False,2024,9,10,Tuesday,0.04,7881.86
3800,Men,Lifestyle,Dunk Low,M,4,8293.38,0.00,0.00,2024-07-26,Retail,Bangalore,117.94,33173.52,False,2024,7,26,Friday,0.00,8293.38
3801,Women,Training,ZoomX Invincible,XL,2,4392.78,0.00,0.00,2024-10-14,Online,Delhi,2638.10,8785.56,False,2024,10,14,Monday,0.30,4392.78
3802,Women,Running,React Infinity,XL,3,2391.13,0.00,0.00,2024-12-16,Retail,Delhi,-489.64,7173.39,False,2024,12,16,Monday,-0.07,2391.13
3803,Men,Basketball,Zoom Freak,L,3,6172.36,0.00,0.00,2025-04-26,Online,Mumbai,-659.53,18517.08,False,2025,4,26,Saturday,-0.04,6172.36
3804,Women,Basketball,Kyrie Flytrap,XL,2,2685.95,0.00,0.00,2025-04-19,Retail,Hyderabad,2486.45,5371.90,False,2025,4,19,Saturday,0.46,2685.95
3806,Women,Running,Free RN,M,2,6178.39,0.28,0.00,2024-01-03,Retail,Bangalore,416.94,8896.88,False,2024,1,3,Wednesday,0.05,4448.44
3807,Kids,Lifestyle,Dunk Low,L,3,4516.23,0.00,0.00,2025-11-05,Retail,Hyderabad,-1172.36,13548.69,False,2025,11,5,Wednesday,-0.09,4516.23
3810,Kids,Soccer,Phantom GT,M,3,7556.37,0.00,0.00,2024-09-01,Online,Pune,2530.62,22669.11,False,2024,9,1,Sunday,0.11,7556.37
3813,Men,Lifestyle,Waffle One,M,3,6269.14,0.00,0.00,2025-09-05,Online,Mumbai,-921.98,18807.40,False,2025,9,5,Friday,-0.05,6269.13
3815,Women,Training,Flex Trainer,M,3,6465.53,0.00,0.00,2025-04-16,Online,Kolkata,1224.44,19396.59,False,2025,4,16,Wednesday,0.06,6465.53
3816,Men,Soccer,Premier III,M,3,7264.55,0.00,0.00,2024-07-21,Online,Bangalore,-406.85,25425.92,False,2024,7,21,Sunday,-0.02,8475.31
3818,Women,Basketball,LeBron 20,L,1,3515.86,0.00,0.00,2024-09-21,Retail,Pune,1201.41,3515.86,False,2024,9,21,Saturday,0.34,3515.86
3819,Kids,Basketball,Zoom Freak,M,3,7171.03,0.00,0.00,2025-05-27,Retail,Kolkata,2723.00,21513.09,False,2025,5,27,Tuesday,0.13,7171.03
3820,Men,Training,Flex Trainer,XL,1,5649.73,0.00,0.00,2025-02-04,Retail,Mumbai,3505.71,8474.59,False,2025,2,4,Tuesday,0.41,8474.59
3822,Kids,Basketball,LeBron 20,M,3,4017.71,0.00,0.00,2024-09-21,Online,Pune,368.32,12053.13,False,2024,9,21,Saturday,0.03,4017.71
3824,Kids,Running,Free RN,L,2,3360.12,0.00,0.00,2024-11-23,Retail,Hyderabad,3501.41,6720.23,False,2024,11,23,Saturday,0.52,3360.12
3825,Kids,Basketball,LeBron 20,XL,3,7390.27,0.63,0.00,2025-04-01,Retail,Kolkata,3290.66,8203.21,False,2025,4,1,Tuesday,0.40,2734.40
3826,Men,Lifestyle,Waffle One,XL,2,6598.54,0.00,0.00,2024-08-10,Retail,Mumbai,314.90,13197.08,False,2024,8,10,Saturday,0.02,6598.54
3827,Kids,Soccer,Phantom GT,M,2,7038.04,0.00,0.00,2024-12-10,Online,Delhi,-356.71,14076.08,False,2024,12,10,Tuesday,-0.03,7038.04
3828,Men,Basketball,Air Jordan,XL,3,3208.18,0.00,0.00,2024-12-20,Retail,Hyderabad,103.08,9624.54,False,2024,12,20,Friday,0.01,3208.18
3829,Kids,Running,Air Zoom,L,2,5000.96,0.00,0.00,2025-06-24,Online,Mumbai,2507.54,10001.92,False,2025,6,24,Tuesday,0.25,5000.96
3830,Kids,Soccer,Phantom GT,L,2,3664.10,0.00,0.00,2024-09-04,Retail,Hyderabad,3188.23,7328.20,False,2024,9,4,Wednesday,0.44,3664.10
3832,Men,Basketball,Kyrie Flytrap,L,4,3928.02,0.00,0.00,2025-05-28,Retail,Kolkata,3445.25,15712.08,False,2025,5,28,Wednesday,0.22,3928.02
3833,Men,Soccer,Phantom GT,L,2,5312.88,0.00,0.00,2025-02-26,Retail,Kolkata,146.06,10625.76,False,2025,2,26,Wednesday,0.01,5312.88
3834,Kids,Lifestyle,Dunk Low,XL,4,9190.55,0.00,0.00,2025-03-23,Retail,Delhi,3199.75,36762.20,False,2025,3,23,Sunday,0.09,9190.55
3835,Men,Running,Free RN,L,1,5381.50,0.00,0.00,2024-08-19,Retail,Pune,2281.47,5381.50,False,2024,8,19,Monday,0.42,5381.50
3838,Women,Soccer,Mercurial Superfly,XL,2,4262.63,0.52,0.00,2025-05-04,Retail,Delhi,373.65,5115.16,False,2025,5,4,Sunday,0.07,2557.58
3839,Women,Lifestyle,Air Force 1,L,3,3907.78,0.34,0.00,2024-03-22,Online,Delhi,-870.71,7737.40,False,2024,3,22,Friday,-0.11,2579.13
3843,Women,Training,SuperRep Go,M,2,3656.98,0.00,0.00,2024-06-08,Online,Hyderabad,2882.29,7313.96,False,2024,6,8,Saturday,0.39,3656.98
3844,Women,Training,Metcon 7,M,1,6991.93,0.32,0.00,2024-08-29,Online,Mumbai,1073.80,4754.51,False,2024,8,29,Thursday,0.23,4754.51
3845,Kids,Lifestyle,Waffle One,M,1,5389.56,0.00,0.00,2024-04-11,Online,Pune,968.97,5389.56,False,2024,4,11,Thursday,0.18,5389.56
3846,Women,Lifestyle,Air Force 1,S,1,8357.96,0.28,0.00,2024-08-31,Retail,Bangalore,-306.33,6017.73,False,2024,8,31,Saturday,-0.05,6017.73
3847,Men,Basketball,Kyrie Flytrap,M,1,5605.99,0.00,0.00,2024-09-10,Retail,Delhi,2415.33,5605.99,False,2024,9,10,Tuesday,0.43,5605.99
3848,Kids,Basketball,Air Jordan,L,1,9250.25,0.00,0.00,2025-11-07,Online,Bangalore,-945.78,9250.25,False,2025,11,7,Friday,-0.10,9250.25
3849,Men,Training,Metcon 7,XL,1,9701.91,0.00,0.00,2024-10-09,Online,Pune,-671.09,9701.91,False,2024,10,9,Wednesday,-0.07,9701.91
3850,Women,Training,SuperRep Go,L,1,8517.62,0.00,0.00,2025-06-16,Retail,Delhi,142.55,8517.62,False,2025,6,16,Monday,0.02,8517.62
2045,Kids,Running,Pegasus Turbo,L,1,4891.02,0.00,0.00,2024-02-13,Online,Kolkata,-473.08,4891.02,False,2024,2,13,Tuesday,-0.10,4891.02
3852,Men,Lifestyle,Air Force 1,L,1,7834.80,0.00,0.00,2024-10-17,Online,Kolkata,2786.52,7834.80,False,2024,10,17,Thursday,0.36,7834.80
3853,Women,Training,Flex Trainer,L,1,7753.56,0.00,0.00,2025-01-03,Online,Kolkata,2754.32,7753.56,False,2025,1,3,Friday,0.36,7753.56
3854,Women,Training,Flex Trainer,L,3,9569.02,0.00,0.00,2024-12-21,Online,Bangalore,3535.19,28707.06,False,2024,12,21,Saturday,0.12,9569.02
3855,Kids,Basketball,LeBron 20,M,2,7104.38,0.05,0.00,2025-01-31,Retail,Delhi,-407.89,13498.32,False,2025,1,31,Friday,-0.03,6749.16
3856,Kids,Running,React Infinity,XL,1,6943.86,0.00,0.00,2024-02-13,Retail,Kolkata,2612.88,6943.86,False,2024,2,13,Tuesday,0.38,6943.86
3858,Kids,Lifestyle,Waffle One,L,2,4884.55,0.87,0.00,2024-09-07,Online,Bangalore,-485.83,1269.98,False,2024,9,7,Saturday,-0.38,634.99
3859,Kids,Lifestyle,Blazer Mid,M,3,4920.30,0.00,0.00,2024-11-20,Retail,Mumbai,2907.33,14760.90,False,2024,11,20,Wednesday,0.20,4920.30
3860,Men,Basketball,LeBron 20,S,3,4393.51,0.00,0.00,2025-04-04,Online,Mumbai,3441.46,13180.51,False,2025,4,4,Friday,0.26,4393.51
3861,Men,Basketball,Air Jordan,S,4,4278.28,0.46,0.00,2025-04-19,Retail,Hyderabad,419.79,9241.08,False,2025,4,19,Saturday,0.05,2310.27
3862,Kids,Lifestyle,Dunk Low,L,1,9541.83,0.61,0.00,2023-11-17,Online,Delhi,3454.42,3721.31,False,2023,11,17,Friday,0.93,3721.31
3863,Women,Training,Flex Trainer,XL,4,6358.33,0.00,0.00,2025-06-28,Retail,Hyderabad,290.35,25433.32,False,2025,6,28,Saturday,0.01,6358.33
3864,Women,Training,SuperRep Go,S,2,8517.62,0.00,0.00,2025-05-01,Retail,Delhi,2972.96,21294.05,False,2025,5,1,Thursday,0.14,10647.03
3865,Men,Training,ZoomX Invincible,L,2,7356.92,0.00,0.00,2024-06-08,Online,Hyderabad,-1144.16,14713.84,False,2024,6,8,Saturday,-0.08,7356.92
3866,Women,Basketball,LeBron 20,L,3,3263.64,0.64,0.00,2025-02-14,Retail,Kolkata,2985.34,3524.73,False,2025,2,14,Friday,0.85,1174.91
3867,Kids,Lifestyle,Waffle One,XL,2,4884.55,0.00,0.00,2024-10-04,Online,Bangalore,3405.94,9769.10,False,2024,10,4,Friday,0.35,4884.55
3869,Women,Basketball,LeBron 20,L,3,7599.38,0.00,22798.14,2024-05-19,Retail,Delhi,-633.81,22798.14,False,2024,5,19,Sunday,-0.03,7599.38
3870,Women,Training,ZoomX Invincible,M,2,6944.20,0.00,0.00,2025-05-17,Online,Hyderabad,764.21,13888.40,False,2025,5,17,Saturday,0.06,6944.20
3871,Women,Training,SuperRep Go,XL,3,8517.62,0.00,0.00,2024-09-17,Retail,Delhi,1773.99,25552.86,False,2024,9,17,Tuesday,0.07,8517.62
3872,Women,Training,SuperRep Go,L,2,8517.62,0.00,0.00,2024-10-14,Retail,Delhi,962.82,21294.05,False,2024,10,14,Monday,0.05,10647.03
3873,Men,Soccer,Tiempo Legend,M,3,4717.08,0.00,0.00,2024-07-21,Online,Bangalore,996.15,14151.24,False,2024,7,21,Sunday,0.07,4717.08
3874,Women,Basketball,LeBron 20,XL,4,3305.60,0.70,3966.72,2024-08-27,Online,Kolkata,1605.13,3966.72,False,2024,8,27,Tuesday,0.40,991.68
3877,Men,Training,SuperRep Go,XL,3,2225.73,0.00,0.00,2025-03-18,Online,Delhi,2594.37,6677.19,False,2025,3,18,Tuesday,0.39,2225.73
3878,Men,Running,Air Zoom,XL,2,3224.56,0.00,0.00,2024-08-13,Retail,Kolkata,2178.22,6449.12,False,2024,8,13,Tuesday,0.34,3224.56
3881,Women,Training,SuperRep Go,L,3,3656.98,0.06,10312.68,2024-06-08,Online,Hyderabad,1953.91,10312.68,False,2024,6,8,Saturday,0.19,3437.56
3882,Men,Soccer,Tiempo Legend,M,2,7237.49,0.00,0.00,2024-07-21,Online,Bangalore,-376.24,18093.72,False,2024,7,21,Sunday,-0.02,9046.86
3883,Kids,Soccer,Premier III,M,4,8737.43,0.00,0.00,2025-05-10,Retail,Delhi,-1174.75,34949.72,False,2025,5,10,Saturday,-0.03,8737.43
2012,Men,Basketball,Air Jordan,XL,2,6077.13,0.00,0.00,2025-03-30,Retail,Bangalore,-685.96,12154.26,False,2025,3,30,Sunday,-0.06,6077.13
3885,Men,Training,Metcon 7,XL,2,8854.95,0.00,0.00,2024-11-10,Online,Bangalore,-512.97,17709.90,False,2024,11,10,Sunday,-0.03,8854.95
3886,Kids,Basketball,Kyrie Flytrap,M,1,4967.69,0.00,0.00,2025-01-16,Retail,Delhi,-136.16,4967.69,False,2025,1,16,Thursday,-0.03,4967.69
3887,Women,Basketball,Zoom Freak,L,4,7992.84,0.00,0.00,2025-07-06,Online,Mumbai,3824.51,31971.34,False,2025,7,6,Sunday,0.12,7992.84
3888,Kids,Training,ZoomX Invincible,L,4,3737.67,0.00,0.00,2024-12-30,Online,Mumbai,-341.37,14950.68,False,2024,12,30,Monday,-0.02,3737.67
3889,Kids,Soccer,Phantom GT,S,2,8925.29,0.05,0.00,2024-07-24,Online,Kolkata,-407.63,21197.56,False,2024,7,24,Wednesday,-0.02,10598.78
3890,Women,Training,ZoomX Invincible,XL,2,4392.78,0.00,0.00,2025-01-10,Online,Delhi,676.44,8785.56,False,2025,1,10,Friday,0.08,4392.78
3892,Kids,Training,Flex Trainer,M,3,6206.45,0.00,0.00,2024-10-14,Online,Delhi,2262.30,21722.58,False,2024,10,14,Monday,0.10,7240.86
3893,Men,Basketball,Air Jordan,XL,3,6283.68,0.00,0.00,2025-07-13,Retail,Delhi,2784.10,18851.03,False,2025,7,13,Sunday,0.15,6283.68
3896,Men,Basketball,Kyrie Flytrap,XL,1,6289.82,0.94,0.00,2024-09-10,Online,Mumbai,209.79,566.08,False,2024,9,10,Tuesday,0.37,566.08
3897,Women,Soccer,Tiempo Legend,M,2,6050.27,0.69,3751.17,2024-12-10,Retail,Delhi,3332.49,3751.17,False,2024,12,10,Tuesday,0.89,1875.58
3898,Men,Basketball,LeBron 20,L,1,7737.27,0.07,0.00,2025-02-27,Retail,Hyderabad,1353.92,7195.66,False,2025,2,27,Thursday,0.19,7195.66
3899,Men,Basketball,Zoom Freak,L,1,5811.76,0.75,0.00,2024-09-21,Retail,Pune,-579.76,1452.94,False,2024,9,21,Saturday,-0.40,1452.94
3900,Men,Basketball,Zoom Freak,M,3,9599.44,0.00,0.00,2024-01-11,Retail,Delhi,-553.30,28798.32,False,2024,1,11,Thursday,-0.02,9599.44
3901,Men,Running,Air Zoom,XL,1,7143.23,0.12,0.00,2025-04-30,Retail,Mumbai,1461.25,6286.04,False,2025,4,30,Wednesday,0.23,6286.04
3903,Kids,Running,React Infinity,M,3,4128.35,0.00,0.00,2024-08-19,Online,Pune,-101.29,12385.05,False,2024,8,19,Monday,-0.01,4128.35
3904,Kids,Soccer,Phantom GT,L,2,7775.87,0.00,0.00,2025-05-28,Retail,Bangalore,1143.11,15551.74,False,2025,5,28,Wednesday,0.07,7775.87
3905,Women,Soccer,Tiempo Legend,S,3,6077.13,0.00,0.00,2024-10-12,Retail,Kolkata,3926.59,18231.39,False,2024,10,12,Saturday,0.22,6077.13
3906,Men,Lifestyle,Dunk Low,XL,4,7588.77,0.14,26105.37,2024-09-04,Online,Hyderabad,3435.73,26105.37,False,2024,9,4,Wednesday,0.13,6526.34
3907,Women,Running,React Infinity,L,3,4885.29,0.00,0.00,2025-04-07,Retail,Delhi,3362.10,14655.87,False,2025,4,7,Monday,0.23,4885.29
3909,Women,Soccer,Premier III,L,4,2422.97,0.00,0.00,2024-12-10,Retail,Delhi,-286.57,9691.88,False,2024,12,10,Tuesday,-0.03,2422.97
3910,Men,Basketball,Zoom Freak,XL,3,2913.15,0.00,0.00,2025-03-13,Online,Pune,1834.09,8739.45,False,2025,3,13,Thursday,0.21,2913.15
3911,Men,Soccer,Premier III,M,1,5598.98,0.00,0.00,2025-05-07,Retail,Mumbai,3070.67,5598.98,False,2025,5,7,Wednesday,0.55,5598.98
3913,Kids,Training,ZoomX Invincible,XL,1,5255.09,0.00,0.00,2024-06-12,Retail,Delhi,2941.84,5255.09,False,2024,6,12,Wednesday,0.56,5255.09
3914,Kids,Soccer,Tiempo Legend,XL,2,6077.13,0.00,0.00,2024-10-29,Retail,Delhi,1253.02,12154.26,False,2024,10,29,Tuesday,0.10,6077.13
3915,Men,Running,Free RN,M,2,7962.36,0.00,0.00,2025-12-03,Online,Pune,3067.47,15924.72,False,2025,12,3,Wednesday,0.19,7962.36
3916,Women,Soccer,Premier III,L,3,5148.81,0.00,0.00,2024-08-22,Retail,Kolkata,1315.69,15446.43,False,2024,8,22,Thursday,0.09,5148.81
3918,Men,Running,Pegasus Turbo,M,3,5316.16,0.85,0.00,2024-12-24,Online,Bangalore,1173.80,2392.27,False,2024,12,24,Tuesday,0.49,797.42
3920,Women,Running,Air Zoom,L,3,5540.68,0.00,0.00,2025-06-09,Online,Pune,1252.12,16622.04,False,2025,6,9,Monday,0.08,5540.68
3921,Kids,Lifestyle,Blazer Mid,L,4,3248.17,0.00,0.00,2025-05-23,Retail,Hyderabad,3939.30,12992.68,False,2025,5,23,Friday,0.30,3248.17
3922,Kids,Soccer,Phantom GT,L,2,7775.87,0.00,0.00,2024-07-21,Retail,Bangalore,1876.21,15551.74,False,2024,7,21,Sunday,0.12,7775.87
3924,Women,Running,Pegasus Turbo,L,2,4809.50,0.00,0.00,2024-03-26,Online,Kolkata,3090.67,9619.00,False,2024,3,26,Tuesday,0.32,4809.50
3925,Kids,Basketball,LeBron 20,M,2,4323.86,0.23,0.00,2025-04-19,Retail,Hyderabad,36.04,6658.74,False,2025,4,19,Saturday,0.01,3329.37
3926,Men,Lifestyle,Dunk Low,XL,2,4791.86,0.00,0.00,2024-11-08,Online,Mumbai,2972.86,9583.72,False,2024,11,8,Friday,0.31,4791.86
3927,Women,Soccer,Premier III,L,1,5246.43,0.00,0.00,2025-04-10,Retail,Bangalore,999.67,5246.43,False,2025,4,10,Thursday,0.19,5246.43
3928,Men,Running,Pegasus Turbo,M,2,5636.21,0.74,2930.83,2025-04-07,Retail,Delhi,-984.86,2930.83,False,2025,4,7,Monday,-0.34,1465.41
3929,Kids,Running,Free RN,M,1,4199.97,0.90,420.00,2025-05-14,Retail,Mumbai,-861.44,420.00,False,2025,5,14,Wednesday,-2.05,420.00
3930,Men,Soccer,Phantom GT,S,2,3606.77,0.00,0.00,2025-02-08,Retail,Mumbai,3624.68,7213.54,False,2025,2,8,Saturday,0.50,3606.77
3931,Men,Lifestyle,Dunk Low,XL,2,9904.73,0.66,0.00,2024-08-01,Online,Hyderabad,-115.24,6735.22,False,2024,8,1,Thursday,-0.02,3367.61
3932,Kids,Training,SuperRep Go,L,4,4520.97,0.54,8318.58,2025-06-10,Retail,Bangalore,1289.36,8318.58,False,2025,6,10,Tuesday,0.15,2079.65
3933,Men,Training,SuperRep Go,XL,4,3782.59,0.00,0.00,2025-01-25,Online,Pune,1348.54,15130.36,False,2025,1,25,Saturday,0.09,3782.59
3934,Kids,Soccer,Mercurial Superfly,M,3,6077.13,0.00,0.00,2024-08-22,Online,Kolkata,2313.79,18231.39,False,2024,8,22,Thursday,0.13,6077.13
3935,Women,Running,React Infinity,M,2,6926.28,0.00,0.00,2025-07-22,Retail,Pune,-833.94,13852.57,False,2025,7,22,Tuesday,-0.06,6926.28
3936,Kids,Lifestyle,Blazer Mid,M,3,3544.33,0.00,0.00,2023-07-28,Retail,Pune,1983.50,10632.99,False,2023,7,28,Friday,0.19,3544.33
3937,Women,Running,React Infinity,M,4,9550.19,0.00,0.00,2024-07-12,Online,Hyderabad,-638.36,38200.76,False,2024,7,12,Friday,-0.02,9550.19
3938,Kids,Training,SuperRep Go,M,1,2823.65,0.00,0.00,2025-01-03,Online,Kolkata,1933.98,2823.65,False,2025,1,3,Friday,0.68,2823.65
3939,Women,Training,ZoomX Invincible,M,2,7983.94,0.00,0.00,2025-01-22,Online,Bangalore,2219.59,15967.88,False,2025,1,22,Wednesday,0.14,7983.94
3940,Kids,Running,React Infinity,L,4,4334.53,0.00,0.00,2024-12-30,Online,Hyderabad,491.15,17338.12,False,2024,12,30,Monday,0.03,4334.53
3942,Men,Lifestyle,Blazer Mid,M,1,3283.25,0.00,0.00,2024-04-27,Online,Delhi,-938.81,3283.25,False,2024,4,27,Saturday,-0.29,3283.25
3944,Men,Training,Metcon 7,M,2,8854.95,0.04,0.00,2024-10-12,Online,Bangalore,-151.58,21251.88,False,2024,10,12,Saturday,-0.01,10625.94
2002,Kids,Soccer,Phantom GT,XL,1,7038.04,0.00,0.00,2025-05-16,Online,Delhi,-789.24,7038.04,False,2025,5,16,Friday,-0.11,7038.04
3947,Men,Training,SuperRep Go,L,2,5571.14,0.00,0.00,2024-07-29,Retail,Kolkata,3354.76,11142.28,False,2024,7,29,Monday,0.30,5571.14
2003,Women,Lifestyle,Waffle One,L,3,7203.25,0.00,0.00,2025-03-03,Online,Kolkata,-23.38,21609.75,False,2025,3,3,Monday,-0.00,7203.25
3950,Kids,Running,React Infinity,XL,4,3474.66,0.00,0.00,2025-02-07,Online,Kolkata,474.81,13898.64,False,2025,2,7,Friday,0.03,3474.66
3951,Women,Soccer,Mercurial Superfly,M,1,6077.13,0.00,0.00,2024-12-31,Online,Delhi,1982.85,9115.69,False,2024,12,31,Tuesday,0.22,9115.69
3953,Women,Basketball,Air Jordan,XL,3,6077.13,0.00,0.00,2025-01-14,Retail,Delhi,2004.93,18231.39,False,2025,1,14,Tuesday,0.11,6077.13
2042,Kids,Soccer,Tiempo Legend,L,4,8290.97,0.00,0.00,2024-12-30,Online,Delhi,-84.80,33163.88,False,2024,12,30,Monday,-0.00,8290.97
3955,Kids,Training,SuperRep Go,XL,3,6077.13,0.00,0.00,2025-01-16,Retail,Pune,1798.76,18231.39,False,2025,1,16,Thursday,0.10,6077.13
3956,Women,Lifestyle,Air Force 1,M,2,2778.93,0.00,0.00,2025-06-03,Online,Hyderabad,2842.28,5557.85,False,2025,6,3,Tuesday,0.51,2778.93
3957,Men,Lifestyle,Waffle One,XL,4,2113.01,0.00,0.00,2025-06-26,Online,Hyderabad,2404.92,8452.04,False,2025,6,26,Thursday,0.28,2113.01
3958,Women,Lifestyle,Dunk Low,XL,4,8614.93,0.00,0.00,2024-03-23,Retail,Kolkata,-312.44,34459.72,False,2024,3,23,Saturday,-0.01,8614.93
3959,Kids,Lifestyle,Dunk Low,M,4,6091.98,0.00,0.00,2025-12-01,Retail,Mumbai,2494.96,24367.92,False,2025,12,1,Monday,0.10,6091.98
3960,Women,Lifestyle,Dunk Low,M,2,2451.47,0.00,0.00,2025-06-22,Retail,Mumbai,1850.90,4902.94,False,2025,6,22,Sunday,0.38,2451.47
3961,Kids,Lifestyle,Waffle One,L,4,3369.14,0.00,0.00,2025-03-28,Online,Hyderabad,3888.52,13476.56,False,2025,3,28,Friday,0.29,3369.14
3963,Men,Soccer,Mercurial Superfly,XL,1,6698.41,0.00,0.00,2025-07-11,Retail,Mumbai,-245.76,6698.41,False,2025,7,11,Friday,-0.04,6698.41
3965,Kids,Soccer,Mercurial Superfly,M,1,6077.13,0.05,0.00,2024-01-09,Online,Hyderabad,1194.67,5773.27,False,2024,1,9,Tuesday,0.21,5773.27
3966,Kids,Training,Metcon 7,S,2,6031.05,0.00,0.00,2024-12-21,Retail,Mumbai,2072.67,12062.10,False,2024,12,21,Saturday,0.17,6031.05
3968,Kids,Lifestyle,Waffle One,M,2,8141.77,0.00,0.00,2024-05-12,Retail,Bangalore,774.01,16283.54,False,2024,5,12,Sunday,0.05,8141.77
3969,Women,Lifestyle,Waffle One,XL,2,7922.86,0.00,0.00,2023-08-04,Retail,Mumbai,3753.92,15845.72,False,2023,8,4,Friday,0.24,7922.86
3972,Men,Running,Pegasus Turbo,XL,1,3489.95,0.00,0.00,2024-12-20,Retail,Bangalore,1990.32,3489.95,False,2024,12,20,Friday,0.57,3489.95
3973,Kids,Running,React Infinity,M,2,8698.67,0.00,0.00,2024-12-24,Online,Bangalore,-475.20,17397.34,False,2024,12,24,Tuesday,-0.03,8698.67
3974,Men,Lifestyle,Dunk Low,L,4,6077.13,0.00,0.00,2024-03-22,Retail,Delhi,97.60,24308.52,False,2024,3,22,Friday,0.00,6077.13
3975,Women,Soccer,Tiempo Legend,M,3,6077.13,0.00,0.00,2025-03-22,Retail,Mumbai,1293.38,18231.39,False,2025,3,22,Saturday,0.07,6077.13
3976,Men,Training,SuperRep Go,L,4,7534.51,0.00,30138.04,2024-12-12,Retail,Delhi,778.13,30138.04,False,2024,12,12,Thursday,0.03,7534.51
3978,Women,Training,Flex Trainer,M,2,9847.52,0.00,0.00,2024-09-11,Retail,Delhi,754.75,19695.04,False,2024,9,11,Wednesday,0.04,9847.52
3979,Men,Training,ZoomX Invincible,M,3,6186.30,0.50,0.00,2025-11-06,Online,Pune,896.90,9279.45,False,2025,11,6,Thursday,0.10,3093.15
3980,Men,Training,SuperRep Go,L,3,5422.73,0.00,0.00,2025-07-07,Retail,Hyderabad,-223.30,16268.19,False,2025,7,7,Monday,-0.01,5422.73
3981,Men,Soccer,Premier III,L,2,4007.55,0.00,0.00,2023-12-21,Online,Delhi,90.51,8015.10,False,2023,12,21,Thursday,0.01,4007.55
3982,Men,Basketball,Zoom Freak,L,2,8006.71,0.00,0.00,2024-10-16,Online,Bangalore,1486.86,16013.42,False,2024,10,16,Wednesday,0.09,8006.71
3983,Kids,Lifestyle,Waffle One,L,4,5389.56,0.22,0.00,2024-04-11,Online,Pune,633.64,16815.43,False,2024,4,11,Thursday,0.04,4203.86
3984,Women,Training,SuperRep Go,L,4,6622.41,0.00,0.00,2024-10-09,Retail,Pune,486.80,26489.64,False,2024,10,9,Wednesday,0.02,6622.41
2048,Kids,Basketball,Air Jordan,XL,2,8918.66,0.00,17837.32,2024-02-14,Retail,Delhi,1889.03,17837.32,False,2024,2,14,Wednesday,0.11,8918.66
3986,Kids,Running,Air Zoom,L,1,9246.88,0.00,0.00,2024-11-10,Retail,Mumbai,681.84,9246.88,False,2024,11,10,Sunday,0.07,9246.88
3987,Kids,Basketball,Zoom Freak,L,2,8776.59,0.00,0.00,2024-08-18,Retail,Hyderabad,3908.61,17553.18,False,2024,8,18,Sunday,0.22,8776.59
3988,Kids,Lifestyle,Blazer Mid,M,4,7945.46,0.67,10488.01,2024-10-10,Online,Pune,3698.62,10488.01,False,2024,10,10,Thursday,0.35,2622.00
3994,Kids,Basketball,Air Jordan,M,4,8267.56,0.00,0.00,2025-04-12,Retail,Bangalore,-97.39,33070.24,False,2025,4,12,Saturday,-0.00,8267.56
3996,Men,Running,React Infinity,L,2,5732.39,0.00,0.00,2024-12-24,Online,Bangalore,2919.12,11464.77,False,2024,12,24,Tuesday,0.25,5732.39
3997,Women,Lifestyle,Waffle One,M,4,4492.46,0.00,0.00,2024-01-24,Retail,Hyderabad,-484.62,17969.84,False,2024,1,24,Wednesday,-0.03,4492.46
3998,Men,Training,Flex Trainer,M,3,7730.77,0.00,0.00,2024-10-14,Online,Delhi,2029.57,27057.69,False,2024,10,14,Monday,0.08,9019.23
3999,Kids,Lifestyle,Blazer Mid,S,2,5065.93,0.27,0.00,2024-09-16,Online,Kolkata,1484.61,7396.26,False,2024,9,16,Monday,0.20,3698.13
4001,Women,Basketball,Zoom Freak,L,3,7586.32,0.00,0.00,2024-09-10,Online,Mumbai,2155.01,22758.96,False,2024,9,10,Tuesday,0.09,7586.32
4002,Kids,Soccer,Mercurial Superfly,M,2,6056.88,0.00,0.00,2024-03-11,Retail,Mumbai,2114.03,12113.76,False,2024,3,11,Monday,0.17,6056.88
4003,Men,Lifestyle,Air Force 1,L,1,7165.28,0.00,0.00,2025-03-02,Retail,Mumbai,839.48,7165.28,False,2025,3,2,Sunday,0.12,7165.28
4004,Men,Basketball,Air Jordan,XL,3,6283.68,0.06,0.00,2025-04-14,Retail,Delhi,-748.58,17719.96,False,2025,4,14,Monday,-0.04,5906.65
4005,Kids,Training,Metcon 7,M,2,3730.58,0.00,0.00,2024-11-30,Online,Delhi,1784.38,7461.16,False,2024,11,30,Saturday,0.24,3730.58
4006,Kids,Basketball,LeBron 20,XL,3,7390.27,0.00,0.00,2024-01-08,Retail,Kolkata,2617.00,22170.82,False,2024,1,8,Monday,0.12,7390.27
4008,Men,Basketball,LeBron 20,M,3,7737.27,0.07,21586.98,2023-12-15,Retail,Hyderabad,180.31,21586.98,False,2023,12,15,Friday,0.01,7195.66
4009,Kids,Basketball,Zoom Freak,M,3,2989.01,0.00,0.00,2024-03-30,Retail,Mumbai,-737.91,8967.03,False,2024,3,30,Saturday,-0.08,2989.01
4011,Women,Running,Air Zoom,M,4,4909.56,0.00,0.00,2025-07-04,Retail,Bangalore,2934.53,19638.24,False,2025,7,4,Friday,0.15,4909.56
4012,Men,Basketball,Zoom Freak,L,2,5879.06,0.47,0.00,2025-05-28,Retail,Hyderabad,2129.44,6231.80,False,2025,5,28,Wednesday,0.34,3115.90
4013,Women,Basketball,LeBron 20,L,2,3794.99,0.00,0.00,2025-07-04,Online,Hyderabad,1398.90,7589.98,False,2025,7,4,Friday,0.18,3794.99
4014,Kids,Running,Air Zoom,L,2,6077.13,0.00,0.00,2024-08-04,Retail,Hyderabad,563.60,12154.26,False,2024,8,4,Sunday,0.05,6077.13
4015,Men,Lifestyle,Air Force 1,L,4,5505.76,0.00,0.00,2025-07-05,Online,Bangalore,1194.93,22023.04,False,2025,7,5,Saturday,0.05,5505.76
2021,Kids,Lifestyle,Waffle One,XL,1,4561.67,0.00,0.00,2024-02-13,Online,Pune,1720.61,4561.67,False,2024,2,13,Tuesday,0.38,4561.67
4017,Kids,Training,Metcon 7,XL,2,9229.70,0.00,0.00,2025-03-20,Online,Mumbai,1178.10,18459.40,False,2025,3,20,Thursday,0.06,9229.70
4018,Women,Lifestyle,Blazer Mid,M,1,6469.59,0.36,0.00,2024-10-13,Retail,Mumbai,-69.80,4140.54,False,2024,10,13,Sunday,-0.02,4140.54
4020,Women,Running,Pegasus Turbo,M,1,4052.25,0.00,0.00,2024-12-24,Retail,Bangalore,3360.33,6078.38,False,2024,12,24,Tuesday,0.55,6078.38
4021,Women,Basketball,Kyrie Flytrap,S,4,7023.61,0.00,0.00,2024-05-19,Online,Delhi,2199.30,28094.44,False,2024,5,19,Sunday,0.08,7023.61
4022,Kids,Training,Metcon 7,L,2,5898.91,0.00,0.00,2024-12-21,Online,Bangalore,2380.63,14747.27,False,2024,12,21,Saturday,0.16,7373.64
4025,Women,Basketball,Kyrie Flytrap,L,4,2265.37,0.00,0.00,2024-06-25,Retail,Kolkata,2946.35,9061.48,False,2024,6,25,Tuesday,0.33,2265.37
4027,Men,Basketball,Air Jordan,XL,3,8050.32,0.00,0.00,2024-05-19,Retail,Delhi,3125.71,24150.96,False,2024,5,19,Sunday,0.13,8050.32
4028,Women,Running,Pegasus Turbo,M,3,7296.82,0.00,0.00,2025-12-01,Retail,Delhi,2568.40,21890.44,False,2025,12,1,Monday,0.12,7296.81
4029,Kids,Training,Flex Trainer,XL,1,5283.10,0.00,0.00,2025-06-29,Retail,Bangalore,3231.16,5283.10,False,2025,6,29,Sunday,0.61,5283.10
4030,Men,Lifestyle,Waffle One,L,3,6154.32,0.00,0.00,2025-04-28,Online,Kolkata,1865.56,18462.96,False,2025,4,28,Monday,0.10,6154.32
4032,Men,Running,Pegasus Turbo,L,3,6077.13,0.00,0.00,2024-08-19,Retail,Pune,-135.15,18231.39,False,2024,8,19,Monday,-0.01,6077.13
4033,Men,Lifestyle,Blazer Mid,L,4,4398.68,0.27,12844.15,2024-07-26,Retail,Bangalore,3573.92,12844.15,False,2024,7,26,Friday,0.28,3211.04
2020,Men,Running,Air Zoom,XL,2,5614.96,0.00,0.00,2025-03-05,Online,Kolkata,671.98,11229.92,False,2025,3,5,Wednesday,0.06,5614.96
4037,Women,Basketball,LeBron 20,XL,2,7919.76,0.74,0.00,2023-08-08,Retail,Delhi,776.81,4118.28,False,2023,8,8,Tuesday,0.19,2059.14
4038,Kids,Running,Pegasus Turbo,L,3,5349.10,0.00,0.00,2025-03-04,Retail,Pune,1724.16,16047.30,False,2025,3,4,Tuesday,0.11,5349.10
4039,Women,Lifestyle,Air Force 1,L,3,5103.01,0.00,0.00,2024-06-12,Online,Delhi,-134.82,15309.03,False,2024,6,12,Wednesday,-0.01,5103.01
2041,Men,Training,Metcon 7,XL,1,3945.71,0.35,0.00,2025-07-05,Online,Hyderabad,1727.50,3847.07,False,2025,7,5,Saturday,0.45,3847.07
4041,Men,Running,Pegasus Turbo,L,2,8055.20,0.00,0.00,2024-09-09,Online,Mumbai,3221.72,16110.40,False,2024,9,9,Monday,0.20,8055.20
4043,Kids,Running,Air Zoom,L,4,5235.22,0.51,10261.03,2025-05-28,Online,Hyderabad,3321.49,10261.03,False,2025,5,28,Wednesday,0.32,2565.26
2003,Women,Soccer,Premier III,L,2,5205.52,0.56,0.00,2024-08-03,Online,Kolkata,2353.41,5726.08,False,2024,8,3,Saturday,0.41,2863.04
4046,Women,Running,React Infinity,L,3,5140.99,0.00,0.00,2025-02-20,Online,Pune,999.97,15422.97,False,2025,2,20,Thursday,0.06,5140.99
4047,Men,Running,Air Zoom,XL,2,3923.39,0.00,0.00,2024-02-13,Retail,Kolkata,56.56,7846.78,False,2024,2,13,Tuesday,0.01,3923.39
4048,Men,Running,Air Zoom,M,2,2342.93,0.00,0.00,2025-04-07,Retail,Delhi,2239.79,4685.86,False,2025,4,7,Monday,0.48,2342.93
2046,Kids,Running,React Infinity,M,2,5702.53,0.71,0.00,2025-04-07,Online,Delhi,63.74,3307.47,False,2025,4,7,Monday,0.02,1653.73
4050,Women,Running,Pegasus Turbo,XL,3,3750.77,0.00,0.00,2025-02-27,Online,Bangalore,-171.08,11252.31,False,2025,2,27,Thursday,-0.02,3750.77
4051,Kids,Training,Metcon 7,M,1,7986.76,0.00,0.00,2024-10-11,Online,Hyderabad,944.54,11980.14,False,2024,10,11,Friday,0.08,11980.14
4052,Kids,Training,Flex Trainer,L,2,6952.66,0.00,0.00,2025-01-19,Online,Hyderabad,1624.30,13905.32,False,2025,1,19,Sunday,0.12,6952.66
4053,Women,Soccer,Phantom GT,S,2,6878.15,0.00,0.00,2025-02-03,Retail,Pune,21.13,13756.30,False,2025,2,3,Monday,0.00,6878.15
4054,Women,Lifestyle,Waffle One,L,3,3394.38,0.75,0.00,2024-05-09,Online,Mumbai,-401.50,2545.78,False,2024,5,9,Thursday,-0.16,848.59
4055,Kids,Running,Air Zoom,L,2,8333.95,0.00,0.00,2024-10-01,Online,Mumbai,3329.27,16667.90,False,2024,10,1,Tuesday,0.20,8333.95
4056,Kids,Running,Air Zoom,M,2,6077.13,0.00,0.00,2024-12-13,Retail,Hyderabad,3732.77,12154.26,False,2024,12,13,Friday,0.31,6077.13
4057,Kids,Basketball,Kyrie Flytrap,M,1,4967.69,0.00,0.00,2023-09-22,Retail,Delhi,2575.38,4967.69,False,2023,9,22,Friday,0.52,4967.69
4058,Kids,Basketball,Kyrie Flytrap,L,4,5494.09,0.34,0.00,2024-11-13,Online,Delhi,153.90,14504.38,False,2024,11,13,Wednesday,0.01,3626.10
4059,Kids,Basketball,Air Jordan,L,1,9700.41,0.00,9700.41,2025-03-02,Retail,Delhi,1000.57,9700.41,False,2025,3,2,Sunday,0.10,9700.41
4061,Men,Basketball,Air Jordan,XL,3,7356.42,0.00,0.00,2024-09-10,Retail,Mumbai,2599.62,22069.26,False,2024,9,10,Tuesday,0.12,7356.42
4064,Men,Basketball,Air Jordan,L,4,4278.28,0.38,0.00,2024-09-24,Retail,Hyderabad,587.63,10610.13,False,2024,9,24,Tuesday,0.06,2652.53
4065,Women,Basketball,LeBron 20,XL,3,7881.81,0.00,0.00,2024-12-08,Online,Pune,1067.59,23645.43,False,2024,12,8,Sunday,0.05,7881.81
4066,Kids,Running,React Infinity,L,4,6599.26,0.85,3959.56,2025-06-29,Retail,Bangalore,3344.47,3959.56,False,2025,6,29,Sunday,0.84,989.89
4067,Men,Soccer,Mercurial Superfly,M,4,7408.31,0.00,0.00,2025-05-17,Online,Bangalore,1974.40,29633.24,False,2025,5,17,Saturday,0.07,7408.31
2030,Women,Soccer,Premier III,L,3,9804.64,0.71,0.00,2025-02-08,Online,Bangalore,635.57,9951.71,False,2025,2,8,Saturday,0.06,3317.24
4070,Kids,Basketball,Air Jordan,L,2,6966.16,0.24,0.00,2024-10-23,Retail,Pune,2671.60,10588.56,False,2024,10,23,Wednesday,0.25,5294.28
4072,Men,Soccer,Premier III,M,1,5028.99,0.00,0.00,2025-05-20,Online,Pune,3542.88,5028.99,False,2025,5,20,Tuesday,0.70,5028.99
4073,Kids,Training,Flex Trainer,M,2,5732.59,0.00,0.00,2024-11-30,Online,Kolkata,3353.30,11465.18,False,2024,11,30,Saturday,0.29,5732.59
4074,Kids,Basketball,LeBron 20,L,2,8673.78,0.00,0.00,2024-03-28,Retail,Mumbai,-286.00,17347.56,False,2024,3,28,Thursday,-0.02,8673.78
4076,Kids,Basketball,LeBron 20,L,3,3588.38,0.33,0.00,2025-04-03,Online,Kolkata,925.71,8414.75,False,2025,4,3,Thursday,0.11,2804.92
4077,Men,Training,SuperRep Go,M,3,9261.43,0.00,0.00,2024-12-21,Online,Mumbai,361.16,32415.01,False,2024,12,21,Saturday,0.01,10805.00
4078,Women,Lifestyle,Air Force 1,M,3,7721.55,0.56,0.00,2025-01-01,Online,Mumbai,2742.28,10192.44,False,2025,1,1,Wednesday,0.27,3397.48
4079,Kids,Lifestyle,Waffle One,XL,2,5116.58,0.00,0.00,2024-11-21,Retail,Delhi,2083.60,12791.45,False,2024,11,21,Thursday,0.16,6395.73
4080,Kids,Training,Flex Trainer,XL,4,8515.92,0.00,0.00,2024-11-27,Retail,Hyderabad,255.47,34063.68,False,2024,11,27,Wednesday,0.01,8515.92
4081,Men,Lifestyle,Waffle One,XL,2,4902.19,0.25,0.00,2024-07-26,Retail,Bangalore,608.65,7353.28,False,2024,7,26,Friday,0.08,3676.64
4082,Kids,Soccer,Mercurial Superfly,M,1,8233.64,0.00,0.00,2025-04-07,Retail,Bangalore,3007.26,8233.64,False,2025,4,7,Monday,0.37,8233.64
4083,Men,Training,Flex Trainer,L,3,8711.81,0.00,0.00,2025-03-29,Online,Bangalore,-773.05,26135.43,False,2025,3,29,Saturday,-0.03,8711.81
4085,Men,Lifestyle,Dunk Low,L,4,8780.66,0.00,0.00,2025-01-21,Online,Bangalore,1897.69,35122.64,False,2025,1,21,Tuesday,0.05,8780.66
4086,Women,Running,Air Zoom,XL,3,4537.02,0.00,0.00,2025-04-03,Online,Pune,-195.00,13611.06,False,2025,4,3,Thursday,-0.01,4537.02
4087,Men,Basketball,LeBron 20,M,2,7737.27,0.00,0.00,2024-03-13,Retail,Hyderabad,3939.54,15474.54,False,2024,3,13,Wednesday,0.25,7737.27
4088,Men,Training,Flex Trainer,M,2,5649.73,0.41,6666.68,2025-03-16,Retail,Mumbai,1548.10,6666.68,False,2025,3,16,Sunday,0.23,3333.34
4089,Women,Running,React Infinity,L,2,3893.88,0.00,0.00,2025-02-15,Online,Bangalore,2854.02,7787.75,False,2025,2,15,Saturday,0.37,3893.88
4090,Men,Lifestyle,Air Force 1,L,2,5109.51,0.00,0.00,2025-06-26,Retail,Delhi,-1164.28,10219.02,False,2025,6,26,Thursday,-0.11,5109.51
4091,Kids,Running,Free RN,L,3,8331.85,0.00,0.00,2024-02-13,Retail,Kolkata,1061.20,24995.55,False,2024,2,13,Tuesday,0.04,8331.85
4093,Women,Lifestyle,Waffle One,L,4,8888.58,0.00,0.00,2024-10-19,Retail,Kolkata,2944.03,35554.32,False,2024,10,19,Saturday,0.08,8888.58
4094,Kids,Soccer,Tiempo Legend,M,4,4094.79,0.00,0.00,2025-05-18,Online,Hyderabad,2779.39,16379.16,False,2025,5,18,Sunday,0.17,4094.79
4095,Men,Running,Free RN,XL,1,7129.09,0.00,0.00,2024-08-19,Online,Pune,1993.16,7129.09,False,2024,8,19,Monday,0.28,7129.09
4096,Women,Soccer,Phantom GT,M,3,3328.58,0.00,0.00,2024-04-03,Online,Pune,3865.04,9985.74,False,2024,4,3,Wednesday,0.39,3328.58
4097,Men,Basketball,Kyrie Flytrap,XL,2,3443.10,0.00,0.00,2024-09-17,Retail,Hyderabad,1928.88,6886.20,False,2024,9,17,Tuesday,0.28,3443.10
4099,Women,Soccer,Tiempo Legend,XL,2,8864.29,0.00,0.00,2025-03-15,Online,Pune,3616.91,22160.73,False,2025,3,15,Saturday,0.16,11080.36
4100,Men,Running,Pegasus Turbo,L,2,3315.29,0.00,0.00,2024-03-19,Online,Delhi,1507.71,6630.58,False,2024,3,19,Tuesday,0.23,3315.29
4101,Men,Soccer,Mercurial Superfly,L,2,8504.98,0.00,0.00,2024-07-10,Retail,Delhi,3064.92,21262.45,False,2024,7,10,Wednesday,0.14,10631.22
4103,Men,Lifestyle,Waffle One,L,1,2475.41,0.00,0.00,2024-08-01,Retail,Hyderabad,2158.91,2475.41,False,2024,8,1,Thursday,0.87,2475.41
4104,Kids,Basketball,Zoom Freak,L,2,3432.35,0.00,0.00,2025-07-16,Online,Bangalore,3999.21,6864.70,False,2025,7,16,Wednesday,0.58,3432.35
4105,Men,Running,Pegasus Turbo,XL,1,3489.95,0.00,0.00,2024-05-25,Retail,Bangalore,2093.87,5234.92,False,2024,5,25,Saturday,0.40,5234.92
2030,Men,Soccer,Phantom GT,L,2,3998.00,0.00,0.00,2024-07-21,Online,Bangalore,2911.50,9995.00,False,2024,7,21,Sunday,0.29,4997.50
4107,Kids,Running,React Infinity,L,2,5144.57,0.00,0.00,2025-04-27,Retail,Hyderabad,779.19,10289.13,False,2025,4,27,Sunday,0.08,5144.57
4108,Kids,Running,Pegasus Turbo,L,2,2767.55,0.19,4483.43,2023-11-25,Online,Kolkata,1059.07,4483.43,False,2023,11,25,Saturday,0.24,2241.72
4109,Kids,Training,SuperRep Go,XL,3,9731.83,0.00,0.00,2024-11-29,Online,Mumbai,-675.88,34061.40,False,2024,11,29,Friday,-0.02,11353.80
4110,Men,Training,Metcon 7,M,2,6077.13,0.41,0.00,2024-08-26,Retail,Hyderabad,3387.91,7171.01,False,2024,8,26,Monday,0.47,3585.51
4113,Kids,Basketball,Zoom Freak,L,2,6435.66,0.00,12871.32,2025-12-05,Online,Bangalore,3372.49,12871.32,False,2025,12,5,Friday,0.26,6435.66
4114,Kids,Training,Metcon 7,XL,4,4307.83,0.00,0.00,2025-07-13,Retail,Bangalore,-233.59,17231.32,False,2025,7,13,Sunday,-0.01,4307.83
4115,Men,Basketball,Air Jordan,M,3,4613.79,0.00,0.00,2025-05-14,Retail,Delhi,-758.50,13841.37,False,2025,5,14,Wednesday,-0.05,4613.79
4116,Women,Lifestyle,Air Force 1,M,2,3854.22,0.00,0.00,2024-08-19,Online,Pune,-43.41,7708.44,False,2024,8,19,Monday,-0.01,3854.22
4117,Women,Basketball,Zoom Freak,M,3,9501.67,0.51,0.00,2024-10-03,Online,Hyderabad,266.40,13967.45,False,2024,10,3,Thursday,0.02,4655.82
4118,Kids,Basketball,LeBron 20,XL,4,5355.64,0.00,0.00,2025-05-21,Retail,Mumbai,-538.94,21422.56,False,2025,5,21,Wednesday,-0.03,5355.64
4119,Kids,Training,ZoomX Invincible,M,4,8849.62,0.69,0.00,2024-08-25,Online,Mumbai,1451.15,10973.53,False,2024,8,25,Sunday,0.13,2743.38
4120,Women,Basketball,Zoom Freak,M,2,6165.64,0.00,0.00,2024-05-19,Online,Delhi,3175.14,12331.28,False,2024,5,19,Sunday,0.26,6165.64
4122,Kids,Lifestyle,Dunk Low,L,1,7319.48,0.00,0.00,2025-06-18,Retail,Mumbai,-261.43,7319.48,False,2025,6,18,Wednesday,-0.04,7319.48
4123,Women,Running,Air Zoom,XL,2,8184.99,0.00,0.00,2025-01-23,Retail,Hyderabad,41.24,16369.98,False,2025,1,23,Thursday,0.00,8184.99
4124,Kids,Basketball,LeBron 20,M,1,7596.71,0.00,0.00,2023-10-16,Online,Delhi,477.62,7596.71,False,2023,10,16,Monday,0.06,7596.71
4125,Men,Soccer,Tiempo Legend,M,3,6077.13,0.00,0.00,2024-08-22,Retail,Kolkata,2465.79,18231.39,False,2024,8,22,Thursday,0.14,6077.13
4126,Women,Training,SuperRep Go,L,2,8517.62,0.00,0.00,2025-07-20,Retail,Delhi,1345.61,21294.05,False,2025,7,20,Sunday,0.06,10647.03
4128,Women,Lifestyle,Air Force 1,M,3,2566.91,0.08,0.00,2024-10-13,Online,Mumbai,1529.46,7084.67,False,2024,10,13,Sunday,0.22,2361.56
4129,Men,Running,Pegasus Turbo,M,3,3445.62,0.24,0.00,2025-03-02,Retail,Kolkata,-29.10,7856.01,False,2025,3,2,Sunday,-0.00,2618.67
4130,Men,Running,Air Zoom,XL,2,2776.53,0.00,0.00,2024-10-01,Online,Mumbai,140.84,5553.06,False,2024,10,1,Tuesday,0.03,2776.53
4132,Women,Lifestyle,Dunk Low,XL,2,5087.72,0.07,0.00,2024-08-08,Online,Hyderabad,-921.97,9463.16,False,2024,8,8,Thursday,-0.10,4731.58
4133,Men,Basketball,Air Jordan,L,3,4105.06,0.00,0.00,2024-09-11,Online,Mumbai,1015.38,12315.18,False,2024,9,11,Wednesday,0.08,4105.06
4134,Women,Training,ZoomX Invincible,XL,1,5663.11,0.00,0.00,2024-10-14,Retail,Delhi,2535.71,5663.11,False,2024,10,14,Monday,0.45,5663.11
4135,Men,Training,SuperRep Go,L,2,3860.50,0.00,0.00,2024-10-14,Retail,Delhi,1756.30,7721.00,False,2024,10,14,Monday,0.23,3860.50
4136,Kids,Lifestyle,Air Force 1,S,3,5439.81,0.00,0.00,2024-11-16,Online,Delhi,-105.03,16319.43,False,2024,11,16,Saturday,-0.01,5439.81
4137,Women,Basketball,LeBron 20,M,2,2310.45,0.00,0.00,2025-02-01,Retail,Hyderabad,2244.75,4620.90,False,2025,2,1,Saturday,0.49,2310.45
4138,Kids,Running,Free RN,XL,1,5918.14,0.00,0.00,2025-07-13,Retail,Pune,3938.78,5918.14,False,2025,7,13,Sunday,0.67,5918.14
4141,Men,Training,ZoomX Invincible,S,2,2406.03,0.00,0.00,2024-12-21,Online,Bangalore,1504.90,4812.06,False,2024,12,21,Saturday,0.31,2406.03
4143,Women,Running,React Infinity,L,3,4885.29,0.00,0.00,2025-03-26,Retail,Delhi,3876.35,14655.87,False,2025,3,26,Wednesday,0.26,4885.29
4145,Kids,Soccer,Tiempo Legend,M,2,6077.13,0.00,0.00,2024-12-10,Retail,Delhi,285.95,12154.26,False,2024,12,10,Tuesday,0.02,6077.13
4146,Kids,Lifestyle,Blazer Mid,L,4,4652.18,0.00,0.00,2023-08-27,Online,Mumbai,1217.01,18608.72,False,2023,8,27,Sunday,0.07,4652.18
4147,Men,Basketball,Zoom Freak,L,1,7659.09,0.00,0.00,2024-11-26,Online,Delhi,106.35,7659.09,False,2024,11,26,Tuesday,0.01,7659.09
4148,Kids,Soccer,Phantom GT,S,3,5943.25,0.00,0.00,2025-07-18,Retail,Pune,-900.40,17829.75,False,2025,7,18,Friday,-0.05,5943.25
4149,Women,Training,SuperRep Go,L,4,5716.52,0.00,0.00,2024-09-14,Retail,Pune,274.76,22866.08,False,2024,9,14,Saturday,0.01,5716.52
4150,Men,Basketball,Zoom Freak,L,3,5811.76,0.81,0.00,2024-12-17,Retail,Pune,3076.73,3312.71,False,2024,12,17,Tuesday,0.93,1104.24
4151,Kids,Training,Metcon 7,M,2,7282.99,0.05,0.00,2024-10-10,Retail,Kolkata,871.53,13837.68,False,2024,10,10,Thursday,0.06,6918.84
4152,Men,Basketball,Kyrie Flytrap,XL,1,5635.54,0.00,0.00,2024-08-07,Online,Mumbai,1011.99,5635.54,False,2024,8,7,Wednesday,0.18,5635.54
4153,Women,Running,Pegasus Turbo,L,2,6077.13,0.00,0.00,2025-02-13,Retail,Kolkata,2255.74,12154.26,False,2025,2,13,Thursday,0.19,6077.13
4156,Men,Running,React Infinity,M,3,7417.67,0.00,0.00,2024-05-20,Online,Mumbai,203.96,22253.01,False,2024,5,20,Monday,0.01,7417.67
4157,Men,Basketball,Zoom Freak,XL,3,6377.88,0.00,0.00,2025-07-09,Retail,Delhi,-699.76,19133.62,False,2025,7,9,Wednesday,-0.04,6377.88
4158,Women,Lifestyle,Blazer Mid,L,4,6077.13,0.00,0.00,2024-08-18,Online,Hyderabad,3155.41,24308.52,False,2024,8,18,Sunday,0.13,6077.13
4159,Women,Running,React Infinity,XL,2,8683.80,0.00,0.00,2025-04-07,Online,Delhi,3914.69,17367.60,False,2025,4,7,Monday,0.23,8683.80
4160,Men,Lifestyle,Air Force 1,L,3,6148.90,0.00,0.00,2024-03-22,Online,Delhi,2664.48,18446.70,False,2024,3,22,Friday,0.14,6148.90
4161,Men,Running,Air Zoom,L,1,5614.96,0.40,0.00,2025-04-16,Online,Kolkata,1864.83,5053.46,False,2025,4,16,Wednesday,0.37,5053.46
4162,Men,Training,SuperRep Go,XL,1,3782.59,0.00,0.00,2024-10-09,Online,Pune,1401.88,3782.59,False,2024,10,9,Wednesday,0.37,3782.59
4163,Men,Training,SuperRep Go,L,3,5422.73,0.00,0.00,2024-09-12,Retail,Hyderabad,1942.39,16268.19,False,2024,9,12,Thursday,0.12,5422.73
4165,Women,Training,SuperRep Go,XL,1,3693.30,0.26,0.00,2024-11-20,Online,Bangalore,2194.38,2733.04,False,2024,11,20,Wednesday,0.80,2733.04
4168,Kids,Running,Free RN,L,4,4880.90,0.00,0.00,2024-06-09,Retail,Mumbai,3282.84,19523.58,False,2024,6,9,Sunday,0.17,4880.90
4169,Men,Basketball,LeBron 20,L,2,8320.11,0.00,0.00,2024-05-19,Retail,Delhi,3743.48,16640.22,False,2024,5,19,Sunday,0.22,8320.11
4170,Men,Lifestyle,Blazer Mid,XL,1,3297.70,0.00,0.00,2024-08-15,Online,Bangalore,1678.19,4946.55,False,2024,8,15,Thursday,0.34,4946.55
4171,Men,Running,React Infinity,M,3,9303.80,0.00,0.00,2024-12-21,Retail,Delhi,-1107.26,27911.40,False,2024,12,21,Saturday,-0.04,9303.80
4172,Women,Soccer,Mercurial Superfly,L,1,4273.40,0.00,0.00,2025-01-21,Retail,Bangalore,155.61,4273.40,False,2025,1,21,Tuesday,0.04,4273.40
4173,Men,Soccer,Tiempo Legend,M,4,6077.13,0.00,0.00,2024-01-09,Online,Hyderabad,-835.46,24308.52,False,2024,1,9,Tuesday,-0.03,6077.13
4174,Women,Soccer,Tiempo Legend,XL,3,6077.13,0.00,0.00,2025-08-03,Retail,Kolkata,-869.37,18231.39,False,2025,8,3,Sunday,-0.05,6077.13
4175,Men,Basketball,Air Jordan,L,2,6077.13,0.00,0.00,2024-01-08,Retail,Kolkata,2631.77,12154.26,False,2024,1,8,Monday,0.22,6077.13
4176,Women,Training,ZoomX Invincible,M,1,9213.58,0.00,0.00,2023-09-02,Retail,Hyderabad,2254.67,9213.58,False,2023,9,2,Saturday,0.24,9213.58
4177,Kids,Training,Metcon 7,M,2,7159.79,0.00,0.00,2024-12-21,Online,Mumbai,-203.62,14319.58,False,2024,12,21,Saturday,-0.01,7159.79
4178,Men,Basketball,Air Jordan,L,3,4278.28,0.00,0.00,2024-08-26,Retail,Hyderabad,302.75,12834.84,False,2024,8,26,Monday,0.02,4278.28
4179,Women,Running,React Infinity,XL,3,6633.14,0.00,0.00,2025-01-06,Retail,Mumbai,1048.63,19899.42,False,2025,1,6,Monday,0.05,6633.14
4180,Men,Running,Pegasus Turbo,M,3,6243.91,0.00,0.00,2025-06-04,Retail,Kolkata,500.23,18731.73,False,2025,6,4,Wednesday,0.03,6243.91
4181,Women,Running,Free RN,M,3,8204.14,0.00,0.00,2025-04-05,Retail,Delhi,-564.63,24612.42,False,2025,4,5,Saturday,-0.02,8204.14
4182,Men,Lifestyle,Dunk Low,XL,1,9335.57,0.00,0.00,2024-02-12,Retail,Mumbai,1135.38,9335.57,False,2024,2,12,Monday,0.12,9335.57
4183,Men,Lifestyle,Air Force 1,L,2,8647.63,0.00,0.00,2025-03-23,Retail,Pune,-443.83,17295.26,False,2025,3,23,Sunday,-0.03,8647.63
4184,Women,Basketball,LeBron 20,L,2,3313.21,0.00,0.00,2025-05-26,Online,Bangalore,1788.65,6626.42,False,2025,5,26,Monday,0.27,3313.21
4185,Women,Training,ZoomX Invincible,S,3,5484.65,0.00,0.00,2025-02-01,Online,Hyderabad,2562.05,16453.94,False,2025,2,1,Saturday,0.16,5484.65
4186,Men,Basketball,LeBron 20,XL,2,9872.08,0.17,0.00,2025-03-10,Online,Bangalore,409.77,16387.65,False,2025,3,10,Monday,0.03,8193.83
2043,Men,Training,Flex Trainer,XL,4,4500.96,0.12,0.00,2024-10-09,Online,Pune,-809.91,15843.38,False,2024,10,9,Wednesday,-0.05,3960.84
4191,Men,Running,React Infinity,M,3,6077.13,0.00,0.00,2024-07-22,Online,Pune,671.86,18231.39,False,2024,7,22,Monday,0.04,6077.13
4193,Kids,Basketball,Kyrie Flytrap,XL,1,4026.07,0.00,0.00,2024-04-12,Online,Mumbai,1192.66,4026.07,False,2024,4,12,Friday,0.30,4026.07
4194,Kids,Running,React Infinity,L,3,6077.13,0.00,0.00,2024-10-28,Retail,Delhi,-759.55,18231.39,False,2024,10,28,Monday,-0.04,6077.13
4195,Kids,Training,Metcon 7,L,2,6317.40,0.00,0.00,2023-09-23,Retail,Mumbai,-746.03,12634.80,False,2023,9,23,Saturday,-0.06,6317.40
2029,Kids,Lifestyle,Dunk Low,L,2,8165.07,0.00,0.00,2024-04-11,Online,Pune,3469.45,20412.67,False,2024,4,11,Thursday,0.17,10206.34
4197,Men,Running,React Infinity,XL,4,7560.60,0.00,0.00,2024-02-13,Online,Kolkata,1415.35,30242.40,False,2024,2,13,Tuesday,0.05,7560.60
4198,Men,Running,Pegasus Turbo,M,2,7860.63,0.53,0.00,2025-04-07,Retail,Delhi,-1087.13,7388.99,False,2025,4,7,Monday,-0.15,3694.50
4199,Women,Running,Free RN,M,1,2376.12,0.00,0.00,2025-05-25,Online,Hyderabad,-731.89,2376.12,False,2025,5,25,Sunday,-0.31,2376.12
4200,Women,Soccer,Tiempo Legend,L,2,7680.16,0.78,0.00,2024-07-21,Online,Bangalore,-613.22,4224.09,False,2024,7,21,Sunday,-0.15,2112.04
4201,Kids,Running,React Infinity,L,3,5996.42,0.00,0.00,2025-05-09,Retail,Kolkata,1412.54,17989.26,False,2025,5,9,Friday,0.08,5996.42
4202,Men,Training,SuperRep Go,L,4,4996.25,0.00,0.00,2025-05-16,Online,Pune,299.85,19985.00,False,2025,5,16,Friday,0.02,4996.25
4203,Kids,Training,Flex Trainer,M,4,6815.44,0.00,0.00,2024-10-09,Online,Pune,1879.42,27261.76,False,2024,10,9,Wednesday,0.07,6815.44
4204,Kids,Lifestyle,Waffle One,M,1,7265.47,0.00,0.00,2025-04-16,Online,Pune,1589.71,7265.47,False,2025,4,16,Wednesday,0.22,7265.47
4205,Kids,Lifestyle,Waffle One,XL,3,9532.80,0.00,0.00,2024-10-13,Online,Mumbai,2333.09,28598.40,False,2024,10,13,Sunday,0.08,9532.80
4206,Kids,Basketball,Kyrie Flytrap,L,3,4466.78,0.00,0.00,2024-07-11,Online,Bangalore,943.16,13400.34,False,2024,7,11,Thursday,0.07,4466.78
4207,Women,Basketball,Air Jordan,L,3,6252.73,0.00,0.00,2024-11-15,Retail,Hyderabad,2063.27,18758.20,False,2024,11,15,Friday,0.11,6252.73
4208,Kids,Running,React Infinity,L,2,6077.13,0.00,0.00,2025-04-08,Retail,Pune,-942.96,12154.26,False,2025,4,8,Tuesday,-0.08,6077.13
4209,Women,Running,Air Zoom,M,1,6077.13,0.00,0.00,2023-12-03,Online,Kolkata,3222.58,6077.13,False,2023,12,3,Sunday,0.53,6077.13
4210,Kids,Training,SuperRep Go,M,3,4891.02,0.00,0.00,2024-12-21,Retail,Mumbai,2738.04,14673.07,False,2024,12,21,Saturday,0.19,4891.02
4214,Men,Training,SuperRep Go,L,3,4004.40,0.00,0.00,2024-11-08,Retail,Pune,1393.11,12013.20,False,2024,11,8,Friday,0.12,4004.40
4215,Men,Training,Flex Trainer,XL,3,7213.51,0.00,0.00,2025-07-13,Online,Kolkata,960.82,21640.53,False,2025,7,13,Sunday,0.04,7213.51
4217,Men,Soccer,Tiempo Legend,XL,3,3080.23,0.22,0.00,2025-05-08,Online,Delhi,-950.13,8409.03,False,2025,5,8,Thursday,-0.11,2803.01
4218,Kids,Running,Free RN,L,4,6296.17,0.00,0.00,2025-11-02,Online,Bangalore,3435.85,25184.68,False,2025,11,2,Sunday,0.14,6296.17
4219,Kids,Training,Flex Trainer,L,2,9565.66,0.00,0.00,2024-10-09,Retail,Pune,3667.35,19131.32,False,2024,10,9,Wednesday,0.19,9565.66
4220,Kids,Lifestyle,Dunk Low,M,2,2290.64,0.84,733.00,2025-01-31,Retail,Delhi,608.16,733.00,False,2025,1,31,Friday,0.83,366.50
2023,Men,Basketball,Air Jordan,XL,3,4614.20,0.00,0.00,2024-09-10,Online,Mumbai,2913.04,13842.61,False,2024,9,10,Tuesday,0.21,4614.20
4223,Kids,Soccer,Mercurial Superfly,L,1,7007.97,0.31,0.00,2025-02-04,Retail,Bangalore,-1152.37,4835.50,False,2025,2,4,Tuesday,-0.24,4835.50
4224,Kids,Training,ZoomX Invincible,L,2,9315.06,0.58,0.00,2024-10-10,Online,Hyderabad,2541.07,7824.65,False,2024,10,10,Thursday,0.32,3912.33
4225,Kids,Running,Free RN,XL,2,2941.85,0.00,0.00,2025-01-05,Online,Delhi,2776.82,5883.70,False,2025,1,5,Sunday,0.47,2941.85
4227,Kids,Training,Metcon 7,L,2,6031.05,0.00,0.00,2024-12-17,Retail,Mumbai,110.91,12062.10,False,2024,12,17,Tuesday,0.01,6031.05
4228,Kids,Training,SuperRep Go,L,3,4577.65,0.00,0.00,2025-05-12,Retail,Kolkata,-448.12,13732.95,False,2025,5,12,Monday,-0.03,4577.65
4229,Kids,Running,Free RN,XL,4,6661.66,0.00,0.00,2025-06-20,Online,Pune,3470.61,26646.62,False,2025,6,20,Friday,0.13,6661.66
4230,Kids,Lifestyle,Waffle One,L,1,6077.13,0.00,0.00,2024-08-15,Retail,Hyderabad,-1193.85,6077.13,False,2024,8,15,Thursday,-0.20,6077.13
4231,Kids,Lifestyle,Blazer Mid,XL,2,6652.23,0.00,13304.46,2024-01-08,Online,Pune,-780.66,13304.46,False,2024,1,8,Monday,-0.06,6652.23
4233,Women,Soccer,Mercurial Superfly,L,1,3895.52,0.00,0.00,2024-07-21,Retail,Bangalore,3856.45,3895.52,False,2024,7,21,Sunday,0.99,3895.52
4234,Women,Basketball,Zoom Freak,M,3,7992.84,0.00,0.00,2024-09-10,Online,Mumbai,404.20,23978.51,False,2024,9,10,Tuesday,0.02,7992.84
4235,Kids,Basketball,Zoom Freak,L,4,3417.98,0.00,0.00,2025-04-18,Online,Bangalore,2112.47,13671.92,False,2025,4,18,Friday,0.15,3417.98
4236,Kids,Soccer,Mercurial Superfly,L,2,8299.07,0.09,0.00,2024-12-10,Retail,Delhi,1565.48,18880.38,False,2024,12,10,Tuesday,0.08,9440.19
4237,Men,Basketball,LeBron 20,L,1,5913.67,0.00,0.00,2025-02-15,Online,Delhi,572.58,5913.67,False,2025,2,15,Saturday,0.10,5913.67
4238,Men,Soccer,Phantom GT,XL,2,6489.35,0.00,0.00,2024-12-14,Online,Hyderabad,-321.44,12978.70,False,2024,12,14,Saturday,-0.02,6489.35
4239,Men,Running,Air Zoom,XL,1,5614.96,0.00,0.00,2023-09-08,Online,Kolkata,-828.71,8422.44,False,2023,9,8,Friday,-0.10,8422.44
4240,Men,Running,Air Zoom,M,2,5550.99,0.00,0.00,2025-04-06,Retail,Bangalore,1091.85,13877.47,False,2025,4,6,Sunday,0.08,6938.74
4241,Women,Basketball,LeBron 20,M,2,7919.76,0.00,0.00,2024-10-29,Retail,Delhi,3890.05,15839.53,False,2024,10,29,Tuesday,0.25,7919.76
4242,Kids,Basketball,Kyrie Flytrap,XL,2,3507.12,0.00,0.00,2025-09-01,Retail,Mumbai,2217.09,7014.24,False,2025,9,1,Monday,0.32,3507.12
4243,Kids,Training,ZoomX Invincible,M,2,5248.74,0.00,0.00,2024-12-21,Retail,Bangalore,3500.67,13121.85,False,2024,12,21,Saturday,0.27,6560.92
4244,Men,Training,Metcon 7,XL,2,2855.37,0.54,0.00,2024-12-21,Retail,Bangalore,161.88,2626.94,False,2024,12,21,Saturday,0.06,1313.47
4245,Kids,Basketball,Zoom Freak,M,3,6887.39,0.17,0.00,2024-12-12,Online,Delhi,2445.12,17149.60,False,2024,12,12,Thursday,0.14,5716.53
4246,Men,Running,Pegasus Turbo,L,2,3576.04,0.00,0.00,2025-01-10,Retail,Mumbai,3581.39,7152.08,False,2025,1,10,Friday,0.50,3576.04
4247,Kids,Training,Flex Trainer,M,1,6146.93,0.69,0.00,2025-02-26,Retail,Kolkata,1585.72,1905.55,False,2025,2,26,Wednesday,0.83,1905.55
4248,Kids,Soccer,Premier III,XL,2,4045.64,0.00,0.00,2025-07-11,Retail,Mumbai,2167.88,8091.28,False,2025,7,11,Friday,0.27,4045.64
4249,Kids,Training,Flex Trainer,L,1,2902.95,0.60,1161.18,2024-10-11,Retail,Bangalore,-855.08,1161.18,False,2024,10,11,Friday,-0.74,1161.18
4250,Women,Basketball,Air Jordan,L,1,6735.12,0.00,0.00,2025-01-16,Online,Kolkata,2005.64,6735.12,False,2025,1,16,Thursday,0.30,6735.12
4251,Kids,Basketball,LeBron 20,M,1,5596.52,0.59,0.00,2024-01-07,Retail,Mumbai,354.20,2294.57,False,2024,1,7,Sunday,0.15,2294.57
2013,Kids,Lifestyle,Blazer Mid,M,4,3972.14,0.24,0.00,2024-08-07,Online,Hyderabad,2827.54,12075.29,False,2024,8,7,Wednesday,0.23,3018.82
2019,Men,Running,Free RN,XL,2,8072.86,0.00,0.00,2024-02-13,Online,Kolkata,1387.97,16145.72,False,2024,2,13,Tuesday,0.09,8072.86
4255,Women,Running,React Infinity,L,1,7518.66,0.00,0.00,2024-02-13,Retail,Kolkata,2584.67,7518.66,False,2024,2,13,Tuesday,0.34,7518.66
4256,Women,Soccer,Tiempo Legend,XL,4,9672.12,0.52,0.00,2024-12-18,Online,Hyderabad,-782.15,18570.47,False,2024,12,18,Wednesday,-0.04,4642.62
4257,Women,Training,Metcon 7,L,2,5462.80,0.99,0.00,2024-08-14,Online,Kolkata,-1144.93,136.57,False,2024,8,14,Wednesday,-8.38,68.29
4259,Men,Lifestyle,Air Force 1,L,1,5618.62,0.35,0.00,2023-09-22,Retail,Bangalore,3351.25,3652.10,False,2023,9,22,Friday,0.92,3652.10
4260,Women,Lifestyle,Waffle One,L,3,6058.38,0.00,0.00,2024-10-19,Online,Kolkata,258.08,18175.14,False,2024,10,19,Saturday,0.01,6058.38
2044,Men,Training,Flex Trainer,XL,3,7036.03,0.00,0.00,2023-08-13,Online,Bangalore,1192.96,21108.09,False,2023,8,13,Sunday,0.06,7036.03
4263,Men,Running,React Infinity,L,3,4641.58,0.00,0.00,2025-06-30,Retail,Delhi,2049.32,13924.74,False,2025,6,30,Monday,0.15,4641.58
4265,Kids,Training,Flex Trainer,M,2,5732.59,0.00,0.00,2024-02-08,Online,Kolkata,1852.59,11465.18,False,2024,2,8,Thursday,0.16,5732.59
4266,Men,Lifestyle,Waffle One,XL,3,6269.14,0.00,0.00,2025-07-04,Online,Mumbai,-898.11,18807.40,False,2025,7,4,Friday,-0.05,6269.13
4268,Men,Lifestyle,Waffle One,L,1,6321.98,0.00,0.00,2024-10-13,Online,Mumbai,-557.35,6321.98,False,2024,10,13,Sunday,-0.09,6321.98
4269,Kids,Basketball,Zoom Freak,L,2,6077.13,0.00,0.00,2024-09-21,Online,Pune,672.46,12154.26,False,2024,9,21,Saturday,0.06,6077.13
4270,Kids,Soccer,Tiempo Legend,L,2,5619.75,0.00,0.00,2025-01-01,Online,Bangalore,679.64,14049.38,False,2025,1,1,Wednesday,0.05,7024.69
4271,Kids,Lifestyle,Waffle One,XL,2,4426.69,0.52,0.00,2025-01-13,Online,Bangalore,-389.08,4249.62,False,2025,1,13,Monday,-0.09,2124.81
4272,Women,Basketball,Air Jordan,L,3,4529.52,0.00,0.00,2025-06-23,Online,Mumbai,2722.90,13588.56,False,2025,6,23,Monday,0.20,4529.52
4273,Kids,Soccer,Phantom GT,S,3,3407.16,0.00,0.00,2025-01-20,Retail,Mumbai,1161.05,10221.48,False,2025,1,20,Monday,0.11,3407.16
4274,Men,Basketball,Kyrie Flytrap,XL,1,5635.54,0.00,0.00,2025-04-27,Online,Mumbai,1957.94,8453.31,False,2025,4,27,Sunday,0.23,8453.31
4275,Women,Lifestyle,Dunk Low,M,2,3483.43,0.00,0.00,2024-10-13,Retail,Mumbai,557.81,6966.86,False,2024,10,13,Sunday,0.08,3483.43
4276,Men,Basketball,Kyrie Flytrap,L,3,6586.70,0.00,0.00,2025-02-05,Retail,Bangalore,-1109.40,19760.10,False,2025,2,5,Wednesday,-0.06,6586.70
4277,Women,Soccer,Phantom GT,L,2,6924.77,0.00,0.00,2024-10-03,Online,Bangalore,555.86,17311.93,False,2024,10,3,Thursday,0.03,8655.96
4278,Kids,Basketball,Zoom Freak,M,3,5606.81,0.00,0.00,2024-09-21,Retail,Pune,-356.42,16820.43,False,2024,9,21,Saturday,-0.02,5606.81
4279,Men,Training,ZoomX Invincible,XL,2,6897.68,0.00,0.00,2025-04-30,Retail,Pune,1724.71,17244.20,False,2025,4,30,Wednesday,0.10,8622.10
4280,Women,Soccer,Phantom GT,M,2,6077.13,0.45,0.00,2024-11-08,Retail,Kolkata,3800.29,6684.84,False,2024,11,8,Friday,0.57,3342.42
4281,Kids,Basketball,Air Jordan,L,3,6077.13,0.00,0.00,2024-09-10,Retail,Mumbai,88.91,18231.39,False,2024,9,10,Tuesday,0.00,6077.13
4282,Men,Soccer,Phantom GT,M,3,2670.28,0.00,0.00,2025-03-20,Online,Pune,2334.23,8010.84,False,2025,3,20,Thursday,0.29,2670.28
4284,Men,Running,Air Zoom,M,2,2953.43,0.10,0.00,2024-05-15,Retail,Delhi,2708.40,5316.17,False,2024,5,15,Wednesday,0.51,2658.09
4285,Kids,Lifestyle,Waffle One,XL,4,6077.13,0.00,0.00,2024-11-28,Retail,Pune,3380.53,24308.52,False,2024,11,28,Thursday,0.14,6077.13
4286,Kids,Soccer,Tiempo Legend,L,2,5385.78,0.00,0.00,2025-06-08,Online,Kolkata,840.25,10771.56,False,2025,6,8,Sunday,0.08,5385.78
4288,Kids,Basketball,Air Jordan,L,2,6754.13,0.00,0.00,2024-09-24,Online,Hyderabad,3737.27,13508.26,False,2024,9,24,Tuesday,0.28,6754.13
4289,Men,Lifestyle,Waffle One,L,2,3339.95,0.10,0.00,2024-03-22,Retail,Delhi,2164.64,7514.89,False,2024,3,22,Friday,0.29,3757.44
4291,Women,Soccer,Phantom GT,XL,1,9306.54,0.00,0.00,2024-12-10,Retail,Delhi,-25.67,13959.81,False,2024,12,10,Tuesday,-0.00,13959.81
4292,Men,Training,ZoomX Invincible,L,2,6077.13,0.23,0.00,2024-11-24,Online,Delhi,1328.75,9358.78,False,2024,11,24,Sunday,0.14,4679.39
4294,Women,Soccer,Premier III,L,2,5238.91,0.00,0.00,2025-01-16,Online,Kolkata,1217.07,13097.27,False,2025,1,16,Thursday,0.09,6548.64
4295,Women,Basketball,Air Jordan,L,4,4469.12,0.00,0.00,2025-03-15,Retail,Mumbai,-1033.41,17876.48,False,2025,3,15,Saturday,-0.06,4469.12
4296,Women,Lifestyle,Waffle One,S,3,4121.58,0.00,0.00,2024-10-13,Online,Mumbai,3702.74,12364.74,False,2024,10,13,Sunday,0.30,4121.58
4297,Women,Running,React Infinity,L,4,4019.83,0.00,0.00,2025-06-03,Online,Kolkata,1123.18,16079.32,False,2025,6,3,Tuesday,0.07,4019.83
4298,Men,Running,React Infinity,L,4,7606.49,0.37,0.00,2024-08-13,Online,Mumbai,1574.59,19168.37,False,2024,8,13,Tuesday,0.08,4792.09
4299,Kids,Running,Free RN,XL,2,6661.66,0.00,0.00,2025-06-14,Online,Pune,3967.64,13323.31,False,2025,6,14,Saturday,0.30,6661.66
4300,Kids,Basketball,Zoom Freak,L,2,7019.22,0.00,0.00,2024-12-27,Online,Kolkata,1868.82,17548.04,False,2024,12,27,Friday,0.11,8774.02
2026,Kids,Training,ZoomX Invincible,L,3,6140.23,0.00,0.00,2024-01-05,Online,Kolkata,-264.65,21490.79,False,2024,1,5,Friday,-0.01,7163.60
4302,Kids,Training,Flex Trainer,L,2,9565.66,0.00,0.00,2025-06-03,Retail,Pune,3813.44,19131.32,False,2025,6,3,Tuesday,0.20,9565.66
4303,Men,Soccer,Phantom GT,L,2,7587.07,0.00,0.00,2024-07-21,Online,Bangalore,-1131.99,18967.67,False,2024,7,21,Sunday,-0.06,9483.84
4304,Kids,Basketball,Kyrie Flytrap,L,2,4877.24,0.00,0.00,2024-07-07,Retail,Hyderabad,2692.20,9754.48,False,2024,7,7,Sunday,0.28,4877.24
4305,Women,Lifestyle,Waffle One,M,2,2270.57,0.00,0.00,2024-07-12,Retail,Bangalore,-331.09,4541.14,False,2024,7,12,Friday,-0.07,2270.57
4306,Kids,Basketball,Air Jordan,M,2,8267.56,0.00,0.00,2024-09-21,Retail,Bangalore,867.77,16535.12,False,2024,9,21,Saturday,0.05,8267.56
4307,Women,Training,SuperRep Go,S,2,6767.50,0.00,0.00,2024-10-14,Retail,Delhi,1311.71,16918.75,False,2024,10,14,Monday,0.08,8459.38
4308,Men,Basketball,LeBron 20,XL,3,4179.34,0.21,0.00,2025-05-06,Retail,Pune,982.03,9905.04,False,2025,5,6,Tuesday,0.10,3301.68
4311,Men,Training,SuperRep Go,L,3,2640.04,0.46,0.00,2023-08-16,Retail,Bangalore,2595.51,4276.86,False,2023,8,16,Wednesday,0.61,1425.62
4312,Kids,Training,SuperRep Go,M,3,7889.36,0.00,0.00,2024-10-14,Online,Delhi,521.96,23668.08,False,2024,10,14,Monday,0.02,7889.36
4313,Women,Soccer,Tiempo Legend,M,2,7371.93,0.00,0.00,2024-07-21,Retail,Bangalore,3611.15,14743.87,False,2024,7,21,Sunday,0.24,7371.93
4314,Kids,Lifestyle,Blazer Mid,M,4,8823.88,0.00,0.00,2025-07-22,Online,Hyderabad,573.58,35295.52,False,2025,7,22,Tuesday,0.02,8823.88
4315,Women,Lifestyle,Dunk Low,M,4,4080.51,0.00,0.00,2024-03-04,Retail,Pune,3322.21,16322.04,False,2024,3,4,Monday,0.20,4080.51
4316,Men,Running,React Infinity,XL,2,3971.55,0.00,0.00,2024-01-04,Retail,Hyderabad,405.43,7943.10,False,2024,1,4,Thursday,0.05,3971.55
4317,Kids,Lifestyle,Blazer Mid,L,2,9623.53,0.00,0.00,2024-10-15,Retail,Bangalore,-448.89,19247.06,False,2024,10,15,Tuesday,-0.02,9623.53
4320,Women,Training,SuperRep Go,L,3,2527.28,0.00,0.00,2024-09-27,Online,Delhi,1848.29,7581.85,False,2024,9,27,Friday,0.24,2527.28
4321,Kids,Running,Free RN,XL,3,6646.84,0.00,0.00,2024-01-15,Online,Mumbai,2210.19,19940.52,False,2024,1,15,Monday,0.11,6646.84
4322,Women,Lifestyle,Waffle One,M,3,4121.58,0.00,0.00,2025-01-20,Online,Mumbai,1939.05,12364.74,False,2025,1,20,Monday,0.16,4121.58
4323,Men,Lifestyle,Air Force 1,M,2,8526.42,0.00,0.00,2024-10-26,Retail,Delhi,3573.83,17052.84,False,2024,10,26,Saturday,0.21,8526.42
4325,Men,Basketball,Zoom Freak,L,3,9153.02,0.00,0.00,2025-01-15,Retail,Bangalore,-402.21,27459.06,False,2025,1,15,Wednesday,-0.01,9153.02
4328,Men,Basketball,Zoom Freak,L,3,3943.71,0.00,0.00,2025-04-29,Online,Hyderabad,2631.07,11831.13,False,2025,4,29,Tuesday,0.22,3943.71
2003,Men,Lifestyle,Blazer Mid,M,3,7365.14,0.36,0.00,2024-08-16,Retail,Delhi,1884.04,14141.07,False,2024,8,16,Friday,0.13,4713.69
4330,Kids,Lifestyle,Air Force 1,M,1,4087.76,0.00,0.00,2025-07-17,Retail,Bangalore,-831.23,4087.76,False,2025,7,17,Thursday,-0.20,4087.76
4331,Women,Training,SuperRep Go,L,2,4574.53,0.04,8783.10,2025-01-03,Retail,Kolkata,3534.47,8783.10,False,2025,1,3,Friday,0.40,4391.55
4332,Women,Running,Pegasus Turbo,M,2,5996.09,0.12,0.00,2024-09-24,Online,Delhi,2181.10,10553.12,False,2024,9,24,Tuesday,0.21,5276.56
4333,Men,Lifestyle,Blazer Mid,L,1,5179.28,0.00,0.00,2025-04-06,Retail,Mumbai,3256.38,5179.28,False,2025,4,6,Sunday,0.63,5179.28
4334,Kids,Basketball,Air Jordan,L,1,4393.46,0.00,0.00,2024-08-12,Online,Kolkata,2432.09,4393.46,False,2024,8,12,Monday,0.55,4393.46
4335,Kids,Running,Air Zoom,S,1,6077.13,0.00,0.00,2025-06-30,Online,Kolkata,133.01,9115.69,False,2025,6,30,Monday,0.01,9115.69
4337,Women,Lifestyle,Blazer Mid,XL,4,8066.89,0.00,0.00,2024-10-13,Online,Mumbai,2735.14,32267.56,False,2024,10,13,Sunday,0.08,8066.89
4338,Men,Running,Air Zoom,XL,3,7787.74,0.00,0.00,2024-08-19,Online,Pune,1586.94,23363.22,False,2024,8,19,Monday,0.07,7787.74
4339,Women,Lifestyle,Dunk Low,L,2,6077.13,0.33,0.00,2024-11-21,Retail,Hyderabad,2003.00,10179.19,False,2024,11,21,Thursday,0.20,5089.60
4340,Women,Training,ZoomX Invincible,S,2,3051.51,0.00,0.00,2024-12-21,Retail,Bangalore,728.33,7628.78,False,2024,12,21,Saturday,0.10,3814.39
4341,Kids,Training,Flex Trainer,XL,4,8515.92,0.00,0.00,2024-06-08,Retail,Hyderabad,-461.13,34063.68,False,2024,6,8,Saturday,-0.01,8515.92
4343,Kids,Training,Metcon 7,S,3,5890.69,0.00,0.00,2024-12-21,Retail,Bangalore,1390.36,17672.07,False,2024,12,21,Saturday,0.08,5890.69
4344,Kids,Soccer,Premier III,M,2,3129.89,0.00,0.00,2024-01-18,Online,Delhi,-467.18,6259.78,False,2024,1,18,Thursday,-0.07,3129.89
4345,Kids,Training,Metcon 7,L,3,2282.80,0.28,0.00,2024-11-29,Retail,Pune,459.90,4930.85,False,2024,11,29,Friday,0.09,1643.62
4346,Men,Training,ZoomX Invincible,M,4,5888.37,0.71,0.00,2025-05-04,Online,Mumbai,3222.90,6830.51,False,2025,5,4,Sunday,0.47,1707.63
4348,Women,Lifestyle,Blazer Mid,L,3,6077.13,0.00,0.00,2023-09-25,Online,Pune,25.44,18231.39,False,2023,9,25,Monday,0.00,6077.13
4349,Women,Training,Flex Trainer,L,1,9608.99,0.00,0.00,2024-12-21,Retail,Mumbai,1799.33,14413.49,False,2024,12,21,Saturday,0.12,14413.49
2007,Kids,Basketball,LeBron 20,S,3,7390.27,0.00,0.00,2024-01-08,Retail,Kolkata,1779.99,22170.82,False,2024,1,8,Monday,0.08,7390.27
4356,Men,Soccer,Phantom GT,M,1,9557.32,0.00,0.00,2024-12-10,Online,Delhi,1465.63,9557.32,False,2024,12,10,Tuesday,0.15,9557.32
4357,Women,Lifestyle,Air Force 1,S,2,7723.90,0.00,0.00,2025-01-27,Online,Pune,3626.91,15447.80,False,2025,1,27,Monday,0.23,7723.90
4358,Kids,Basketball,LeBron 20,XL,2,3519.94,0.43,0.00,2024-10-18,Online,Mumbai,2538.97,4012.73,False,2024,10,18,Friday,0.63,2006.37
4359,Kids,Running,Pegasus Turbo,L,3,9336.51,0.00,0.00,2025-02-23,Online,Bangalore,92.73,28009.53,False,2025,2,23,Sunday,0.00,9336.51
4360,Women,Running,Pegasus Turbo,XL,3,2906.76,0.30,0.00,2024-09-24,Online,Hyderabad,829.32,6104.20,False,2024,9,24,Tuesday,0.14,2034.73
4361,Kids,Lifestyle,Blazer Mid,M,1,5294.22,0.00,0.00,2024-08-25,Retail,Kolkata,-787.71,5294.22,False,2024,8,25,Sunday,-0.15,5294.22
4362,Men,Training,Flex Trainer,XL,2,7213.51,0.00,0.00,2025-07-08,Online,Kolkata,-81.22,14427.02,False,2025,7,8,Tuesday,-0.01,7213.51
4363,Kids,Basketball,Air Jordan,L,2,6098.59,0.75,0.00,2024-11-24,Online,Delhi,-1071.83,3049.30,False,2024,11,24,Sunday,-0.35,1524.65
4364,Kids,Running,Free RN,L,3,6290.99,0.00,0.00,2024-02-13,Retail,Kolkata,1946.30,18872.97,False,2024,2,13,Tuesday,0.10,6290.99
4365,Men,Basketball,Zoom Freak,L,2,7357.98,0.00,0.00,2024-10-02,Online,Kolkata,-86.80,18394.95,False,2024,10,2,Wednesday,-0.00,9197.47
4366,Kids,Training,SuperRep Go,L,2,2572.92,0.00,0.00,2025-02-16,Retail,Kolkata,714.82,5145.84,False,2025,2,16,Sunday,0.14,2572.92
4367,Kids,Basketball,Kyrie Flytrap,L,4,8832.85,0.00,0.00,2024-01-08,Retail,Kolkata,-1073.49,35331.40,False,2024,1,8,Monday,-0.03,8832.85
4368,Women,Soccer,Tiempo Legend,M,3,5481.64,0.00,16444.92,2024-12-10,Retail,Delhi,2234.28,16444.92,False,2024,12,10,Tuesday,0.14,5481.64
4369,Women,Training,SuperRep Go,L,3,3656.98,0.00,0.00,2024-06-08,Online,Hyderabad,1525.91,10970.94,False,2024,6,8,Saturday,0.14,3656.98
4370,Women,Running,Pegasus Turbo,L,2,5046.05,0.38,6257.10,2024-10-13,Retail,Mumbai,2530.73,6257.10,False,2024,10,13,Sunday,0.40,3128.55
2029,Kids,Running,Free RN,M,4,4880.90,0.00,0.00,2024-10-01,Retail,Mumbai,2598.77,19523.58,False,2024,10,1,Tuesday,0.13,4880.90
4373,Men,Lifestyle,Waffle One,M,2,5358.97,0.00,0.00,2024-08-01,Retail,Bangalore,396.99,10717.94,False,2024,8,1,Thursday,0.04,5358.97
4374,Women,Basketball,Zoom Freak,XL,3,6085.40,0.00,0.00,2024-11-19,Retail,Pune,-1129.38,18256.20,False,2024,11,19,Tuesday,-0.06,6085.40
4376,Men,Soccer,Phantom GT,M,2,7651.93,0.00,0.00,2024-08-05,Online,Kolkata,546.84,19129.83,False,2024,8,5,Monday,0.03,9564.91
4378,Men,Training,Flex Trainer,S,4,2620.09,0.00,0.00,2024-08-29,Online,Mumbai,263.16,10480.36,False,2024,8,29,Thursday,0.03,2620.09
4379,Women,Lifestyle,Air Force 1,M,3,2778.93,0.00,0.00,2024-08-01,Online,Hyderabad,974.37,8336.78,False,2024,8,1,Thursday,0.12,2778.93
4381,Men,Training,Flex Trainer,XL,2,2476.41,0.00,0.00,2024-10-09,Retail,Pune,1189.49,4952.82,False,2024,10,9,Wednesday,0.24,2476.41
4382,Kids,Soccer,Mercurial Superfly,L,2,9006.10,0.00,0.00,2024-11-24,Retail,Hyderabad,3659.71,18012.21,False,2024,11,24,Sunday,0.20,9006.10
4383,Women,Soccer,Tiempo Legend,M,2,5765.95,0.16,0.00,2024-12-24,Retail,Delhi,3378.64,9686.80,False,2024,12,24,Tuesday,0.35,4843.40
4384,Women,Running,Pegasus Turbo,L,2,4809.50,0.60,0.00,2024-06-15,Online,Kolkata,3507.63,3847.60,False,2024,6,15,Saturday,0.91,1923.80
4385,Men,Basketball,Kyrie Flytrap,L,4,9057.85,0.84,0.00,2023-12-13,Retail,Kolkata,1767.32,5797.02,False,2023,12,13,Wednesday,0.30,1449.26
4386,Kids,Basketball,Zoom Freak,L,2,3432.35,0.34,4530.70,2025-06-14,Online,Bangalore,2576.11,4530.70,False,2025,6,14,Saturday,0.57,2265.35
4387,Women,Lifestyle,Dunk Low,L,4,2616.90,0.00,0.00,2025-03-27,Retail,Delhi,3770.94,10467.60,False,2025,3,27,Thursday,0.36,2616.90
4388,Women,Training,ZoomX Invincible,M,2,5962.56,0.00,0.00,2025-07-02,Retail,Bangalore,2186.94,14906.40,False,2025,7,2,Wednesday,0.15,7453.20
4390,Kids,Lifestyle,Waffle One,L,2,4884.55,0.00,0.00,2024-12-05,Online,Bangalore,848.64,9769.10,False,2024,12,5,Thursday,0.09,4884.55
4391,Women,Lifestyle,Dunk Low,M,2,9569.18,0.00,0.00,2025-04-20,Retail,Pune,2446.09,19138.36,False,2025,4,20,Sunday,0.13,9569.18
4392,Kids,Training,Metcon 7,S,3,5890.69,0.00,0.00,2025-04-19,Retail,Bangalore,1619.78,17672.07,False,2025,4,19,Saturday,0.09,5890.69
4393,Women,Basketball,Kyrie Flytrap,L,4,5562.46,0.00,0.00,2024-01-08,Retail,Kolkata,-41.67,22249.84,False,2024,1,8,Monday,-0.00,5562.46
4394,Women,Training,ZoomX Invincible,L,2,8873.61,0.81,0.00,2025-03-14,Retail,Bangalore,1663.56,4214.96,False,2025,3,14,Friday,0.39,2107.48
4395,Kids,Running,Air Zoom,M,2,5282.31,0.00,0.00,2025-04-20,Online,Mumbai,3365.61,10564.62,False,2025,4,20,Sunday,0.32,5282.31
4396,Kids,Soccer,Phantom GT,M,2,2392.41,0.00,0.00,2025-01-30,Online,Pune,1592.95,4784.82,False,2025,1,30,Thursday,0.33,2392.41
4398,Men,Soccer,Premier III,XL,2,3979.42,0.00,0.00,2024-06-29,Online,Delhi,1971.90,7958.84,False,2024,6,29,Saturday,0.25,3979.42
4399,Men,Basketball,Air Jordan,L,1,7607.91,0.00,0.00,2025-01-06,Online,Bangalore,-161.85,7607.91,False,2025,1,6,Monday,-0.02,7607.91
4400,Women,Lifestyle,Air Force 1,M,4,7798.57,0.28,22459.88,2025-05-27,Retail,Kolkata,1334.40,22459.88,False,2025,5,27,Tuesday,0.06,5614.97
4401,Men,Lifestyle,Blazer Mid,XL,1,9117.41,0.00,0.00,2024-11-25,Retail,Kolkata,3410.82,9117.41,False,2024,11,25,Monday,0.37,9117.41
4402,Women,Soccer,Premier III,M,1,6370.84,0.38,0.00,2024-11-19,Online,Mumbai,2429.57,3949.92,False,2024,11,19,Tuesday,0.62,3949.92
4404,Women,Running,Free RN,M,2,8613.08,0.00,0.00,2025-01-23,Retail,Hyderabad,2129.29,17226.16,False,2025,1,23,Thursday,0.12,8613.08
4406,Women,Basketball,Kyrie Flytrap,L,1,4079.94,0.00,0.00,2025-01-02,Online,Kolkata,3276.97,4079.94,False,2025,1,2,Thursday,0.80,4079.94
4407,Kids,Lifestyle,Waffle One,M,3,9532.80,0.00,0.00,2024-10-13,Online,Mumbai,3172.60,28598.40,False,2024,10,13,Sunday,0.11,9532.80
4408,Kids,Training,Metcon 7,XL,1,3409.83,0.00,0.00,2024-12-21,Online,Bangalore,1822.00,3409.83,False,2024,12,21,Saturday,0.53,3409.83
4409,Kids,Training,Flex Trainer,L,1,5283.10,0.01,0.00,2024-12-21,Retail,Bangalore,2707.33,5230.27,False,2024,12,21,Saturday,0.52,5230.27
4411,Kids,Lifestyle,Air Force 1,M,3,7568.04,0.00,0.00,2024-08-01,Retail,Hyderabad,3130.26,22704.12,False,2024,8,1,Thursday,0.14,7568.04
4412,Kids,Lifestyle,Blazer Mid,XL,1,5065.93,0.00,0.00,2025-05-25,Online,Kolkata,3452.75,5065.93,False,2025,5,25,Sunday,0.68,5065.93
4413,Men,Running,Free RN,M,2,7086.70,0.00,0.00,2024-09-03,Retail,Hyderabad,2790.67,14173.40,False,2024,9,3,Tuesday,0.20,7086.70
4415,Kids,Running,Free RN,XL,1,3671.95,0.00,0.00,2024-08-19,Retail,Pune,2797.91,3671.95,False,2024,8,19,Monday,0.76,3671.95
4416,Women,Basketball,Zoom Freak,XL,3,2365.60,0.00,0.00,2025-06-07,Retail,Mumbai,-178.54,7096.80,False,2025,6,7,Saturday,-0.03,2365.60
4418,Women,Training,Metcon 7,XL,2,3139.93,0.46,3391.12,2025-01-03,Online,Kolkata,1714.75,3391.12,False,2025,1,3,Friday,0.51,1695.56
4419,Kids,Training,Flex Trainer,M,3,3019.98,0.00,0.00,2025-01-17,Online,Bangalore,61.45,9059.94,False,2025,1,17,Friday,0.01,3019.98
4420,Women,Lifestyle,Blazer Mid,L,4,4904.79,0.00,19619.16,2023-11-08,Retail,Pune,2633.82,19619.16,False,2023,11,8,Wednesday,0.13,4904.79
4421,Women,Running,React Infinity,XL,3,8500.65,0.00,0.00,2024-09-05,Online,Mumbai,3005.03,25501.95,False,2024,9,5,Thursday,0.12,8500.65
4422,Men,Running,React Infinity,M,2,6077.13,0.43,0.00,2025-08-06,Online,Delhi,1143.45,6927.93,False,2025,8,6,Wednesday,0.17,3463.96
4423,Men,Running,Free RN,S,1,5381.50,0.00,0.00,2025-03-01,Retail,Pune,57.84,5381.50,False,2025,3,1,Saturday,0.01,5381.50
2007,Men,Soccer,Phantom GT,L,2,7652.31,0.00,0.00,2023-09-29,Retail,Bangalore,1515.95,15304.62,False,2023,9,29,Friday,0.10,7652.31
4426,Men,Lifestyle,Blazer Mid,M,1,6077.13,0.00,0.00,2024-02-12,Online,Pune,2133.39,6077.13,False,2024,2,12,Monday,0.35,6077.13
4427,Women,Lifestyle,Dunk Low,M,2,8546.90,0.00,0.00,2024-04-11,Retail,Pune,-357.43,17093.80,False,2024,4,11,Thursday,-0.02,8546.90
4428,Kids,Lifestyle,Waffle One,L,2,3369.14,0.00,0.00,2025-04-04,Online,Hyderabad,2700.85,6738.28,False,2025,4,4,Friday,0.40,3369.14
4429,Kids,Soccer,Premier III,XL,2,6077.13,0.49,0.00,2025-01-18,Retail,Kolkata,3905.15,6198.67,False,2025,1,18,Saturday,0.63,3099.34
4430,Kids,Basketball,Kyrie Flytrap,L,2,4620.68,0.15,0.00,2025-05-16,Retail,Bangalore,3590.87,7855.16,False,2025,5,16,Friday,0.46,3927.58
4431,Kids,Training,Metcon 7,XL,2,5898.91,0.00,0.00,2025-01-15,Online,Bangalore,-537.53,14747.27,False,2025,1,15,Wednesday,-0.04,7373.64
4432,Men,Basketball,Air Jordan,XL,3,6378.45,0.00,0.00,2025-06-06,Retail,Hyderabad,2573.36,19135.35,False,2025,6,6,Friday,0.13,6378.45
4433,Men,Soccer,Phantom GT,M,4,4840.50,0.00,0.00,2024-01-09,Retail,Hyderabad,3226.65,19362.00,False,2024,1,9,Tuesday,0.17,4840.50
4434,Men,Basketball,Zoom Freak,L,3,3844.82,0.00,0.00,2025-02-09,Online,Hyderabad,-289.83,11534.46,False,2025,2,9,Sunday,-0.03,3844.82
4435,Women,Training,Flex Trainer,M,2,6077.13,0.00,0.00,2024-06-08,Online,Hyderabad,2607.57,12154.26,False,2024,6,8,Saturday,0.21,6077.13
4436,Men,Training,SuperRep Go,M,4,2720.70,0.00,0.00,2025-04-08,Online,Pune,-818.53,10882.80,False,2025,4,8,Tuesday,-0.08,2720.70
4437,Men,Basketball,Kyrie Flytrap,XL,2,3443.10,0.00,0.00,2023-11-25,Retail,Hyderabad,3972.33,6886.20,False,2023,11,25,Saturday,0.58,3443.10
4438,Men,Basketball,Zoom Freak,M,3,6377.88,0.00,0.00,2024-05-19,Retail,Delhi,-735.65,19133.62,False,2024,5,19,Sunday,-0.04,6377.88
4440,Men,Basketball,Zoom Freak,XL,3,6172.36,0.00,0.00,2025-04-15,Online,Mumbai,-551.75,18517.08,False,2025,4,15,Tuesday,-0.03,6172.36
4441,Kids,Soccer,Premier III,L,3,6077.13,0.00,0.00,2024-05-05,Retail,Kolkata,2036.39,18231.39,False,2024,5,5,Sunday,0.11,6077.13
4442,Women,Soccer,Phantom GT,L,2,9212.82,0.00,0.00,2024-05-22,Retail,Hyderabad,1366.18,18425.64,False,2024,5,22,Wednesday,0.07,9212.82
4443,Men,Lifestyle,Dunk Low,M,3,7953.00,0.00,23859.00,2025-05-12,Retail,Hyderabad,-665.22,23859.00,False,2025,5,12,Monday,-0.03,7953.00
4444,Men,Running,React Infinity,S,4,6331.97,0.36,0.00,2024-10-04,Online,Kolkata,243.39,16209.84,False,2024,10,4,Friday,0.02,4052.46
4445,Women,Training,Metcon 7,XL,1,5915.27,0.12,5205.44,2024-12-15,Retail,Mumbai,3456.95,5205.44,False,2024,12,15,Sunday,0.66,5205.44
4446,Men,Soccer,Mercurial Superfly,M,2,3469.31,0.28,4995.81,2025-01-26,Retail,Pune,2671.58,4995.81,False,2025,1,26,Sunday,0.53,2497.90
2030,Women,Basketball,Air Jordan,L,2,5663.94,0.00,0.00,2025-10-06,Retail,Mumbai,2717.93,11327.88,False,2025,10,6,Monday,0.24,5663.94
4450,Men,Lifestyle,Air Force 1,M,1,4745.48,0.00,0.00,2024-10-13,Retail,Mumbai,174.49,4745.48,False,2024,10,13,Sunday,0.04,4745.48
4452,Women,Lifestyle,Blazer Mid,M,1,8359.07,0.00,0.00,2025-04-27,Online,Bangalore,-86.63,8359.07,False,2025,4,27,Sunday,-0.01,8359.07
4453,Men,Training,Flex Trainer,XL,1,6189.10,0.00,0.00,2025-05-26,Retail,Bangalore,2814.75,6189.10,False,2025,5,26,Monday,0.45,6189.10
4454,Kids,Running,Pegasus Turbo,M,2,2915.54,0.00,0.00,2025-02-01,Retail,Delhi,-1188.64,5831.08,False,2025,2,1,Saturday,-0.20,2915.54
4455,Women,Basketball,Kyrie Flytrap,XL,3,8629.75,0.00,0.00,2024-09-10,Online,Mumbai,2417.15,25889.25,False,2024,9,10,Tuesday,0.09,8629.75
4456,Women,Basketball,Kyrie Flytrap,XL,1,2685.95,0.32,0.00,2023-12-16,Retail,Hyderabad,450.51,1826.45,False,2023,12,16,Saturday,0.25,1826.45
4458,Kids,Soccer,Premier III,L,2,6500.77,0.22,0.00,2024-10-28,Retail,Mumbai,870.08,10141.20,False,2024,10,28,Monday,0.09,5070.60
4461,Kids,Lifestyle,Waffle One,XL,1,6077.13,0.00,0.00,2024-08-01,Retail,Hyderabad,1800.98,6077.13,False,2024,8,1,Thursday,0.30,6077.13
4462,Kids,Running,React Infinity,L,2,6077.13,0.00,0.00,2024-08-19,Retail,Pune,2280.52,12154.26,False,2024,8,19,Monday,0.19,6077.13
4463,Men,Soccer,Premier III,L,3,8317.53,0.60,9981.04,2025-07-06,Retail,Pune,1821.65,9981.04,False,2025,7,6,Sunday,0.18,3327.01
2019,Men,Basketball,LeBron 20,L,3,5913.67,0.85,0.00,2024-08-13,Online,Delhi,347.96,2661.15,False,2024,8,13,Tuesday,0.13,887.05
4466,Kids,Soccer,Mercurial Superfly,M,2,4743.16,0.00,0.00,2024-03-06,Retail,Mumbai,3480.06,9486.32,False,2024,3,6,Wednesday,0.37,4743.16
4467,Kids,Lifestyle,Air Force 1,XL,2,3918.43,0.00,0.00,2024-09-03,Retail,Kolkata,2820.24,7836.86,False,2024,9,3,Tuesday,0.36,3918.43
4468,Men,Soccer,Premier III,XL,3,6077.13,0.00,18231.39,2023-11-27,Online,Mumbai,3173.31,18231.39,False,2023,11,27,Monday,0.17,6077.13
4469,Kids,Basketball,LeBron 20,M,2,6745.63,0.00,0.00,2025-05-26,Retail,Bangalore,3626.93,13491.26,False,2025,5,26,Monday,0.27,6745.63
4470,Women,Basketball,Kyrie Flytrap,L,3,6077.13,0.00,0.00,2025-05-26,Online,Bangalore,3144.40,18231.39,False,2025,5,26,Monday,0.17,6077.13
4471,Kids,Basketball,Zoom Freak,L,3,2184.95,0.00,0.00,2025-06-20,Online,Mumbai,3303.40,6554.85,False,2025,6,20,Friday,0.50,2184.95
4472,Women,Basketball,LeBron 20,L,2,6833.94,0.00,0.00,2024-08-12,Online,Hyderabad,-151.52,13667.88,False,2024,8,12,Monday,-0.01,6833.94
4473,Kids,Lifestyle,Waffle One,XL,3,5793.23,0.00,0.00,2024-10-19,Online,Kolkata,1011.74,17379.69,False,2024,10,19,Saturday,0.06,5793.23
4474,Women,Lifestyle,Air Force 1,XL,3,8130.71,0.00,0.00,2024-10-13,Online,Mumbai,3536.87,24392.13,False,2024,10,13,Sunday,0.15,8130.71
4475,Kids,Soccer,Tiempo Legend,M,4,4524.60,0.00,0.00,2024-03-04,Online,Hyderabad,1487.03,18098.40,False,2024,3,4,Monday,0.08,4524.60
4476,Women,Lifestyle,Waffle One,L,2,4495.47,0.00,0.00,2025-01-27,Online,Bangalore,560.20,8990.94,False,2025,1,27,Monday,0.06,4495.47
4477,Men,Running,Pegasus Turbo,S,2,3315.29,0.00,0.00,2024-10-12,Online,Delhi,-838.22,6630.58,False,2024,10,12,Saturday,-0.13,3315.29
4478,Women,Lifestyle,Air Force 1,L,4,7748.38,0.00,0.00,2024-10-19,Retail,Kolkata,3416.84,30993.52,False,2024,10,19,Saturday,0.11,7748.38
4479,Kids,Lifestyle,Air Force 1,L,2,7530.67,0.00,0.00,2024-12-04,Online,Kolkata,3209.42,18826.67,False,2024,12,4,Wednesday,0.17,9413.34
4480,Men,Training,SuperRep Go,S,3,5422.73,0.61,0.00,2025-05-05,Retail,Hyderabad,1920.50,6344.59,False,2025,5,5,Monday,0.30,2114.86
4481,Men,Soccer,Mercurial Superfly,L,2,8504.98,0.88,0.00,2024-11-12,Retail,Delhi,1227.48,2551.49,False,2024,11,12,Tuesday,0.48,1275.75
4482,Kids,Soccer,Phantom GT,L,2,6077.13,0.00,0.00,2024-07-16,Online,Mumbai,-742.03,12154.26,False,2024,7,16,Tuesday,-0.06,6077.13
4483,Kids,Lifestyle,Blazer Mid,M,4,2844.04,0.12,0.00,2025-12-06,Online,Hyderabad,-1026.86,10011.02,False,2025,12,6,Saturday,-0.10,2502.76
4484,Men,Basketball,Air Jordan,L,3,5981.92,0.80,3589.15,2024-12-12,Retail,Hyderabad,-751.05,3589.15,False,2024,12,12,Thursday,-0.21,1196.38
4485,Men,Training,Flex Trainer,L,2,6473.43,0.78,0.00,2025-03-26,Retail,Pune,-367.25,2848.31,False,2025,3,26,Wednesday,-0.13,1424.15
4486,Women,Training,Flex Trainer,XL,3,7395.70,0.00,0.00,2023-10-15,Online,Bangalore,3338.79,22187.11,False,2023,10,15,Sunday,0.15,7395.70
4487,Men,Lifestyle,Air Force 1,L,3,9009.71,0.40,0.00,2024-08-21,Retail,Pune,-996.86,16217.48,False,2024,8,21,Wednesday,-0.06,5405.83
4488,Women,Training,Flex Trainer,M,2,4709.79,0.00,0.00,2024-12-16,Retail,Pune,3045.38,9419.58,False,2024,12,16,Monday,0.32,4709.79
4489,Kids,Lifestyle,Blazer Mid,M,3,9623.53,0.00,0.00,2025-04-02,Retail,Bangalore,1890.99,28870.59,False,2025,4,2,Wednesday,0.07,9623.53
4492,Men,Lifestyle,Air Force 1,M,1,5955.38,0.00,0.00,2024-10-13,Retail,Mumbai,2397.23,5955.38,False,2024,10,13,Sunday,0.40,5955.38
4493,Women,Lifestyle,Blazer Mid,XL,4,8066.89,0.00,0.00,2024-10-04,Online,Mumbai,321.24,32267.56,False,2024,10,4,Friday,0.01,8066.89
4494,Women,Training,ZoomX Invincible,L,3,7850.87,0.00,0.00,2025-12-02,Online,Kolkata,1357.29,27478.04,False,2025,12,2,Tuesday,0.05,9159.35
4495,Kids,Basketball,Kyrie Flytrap,XL,3,3086.75,0.00,0.00,2025-05-14,Online,Pune,2.97,9260.25,False,2025,5,14,Wednesday,0.00,3086.75
4497,Men,Soccer,Tiempo Legend,S,2,6647.60,0.52,0.00,2025-02-07,Retail,Bangalore,-918.14,6381.70,False,2025,2,7,Friday,-0.14,3190.85
4498,Women,Training,ZoomX Invincible,L,4,5358.70,0.00,0.00,2024-11-12,Online,Mumbai,3352.29,21434.80,False,2024,11,12,Tuesday,0.16,5358.70
4499,Women,Running,Air Zoom,M,1,5550.99,0.00,0.00,2024-11-23,Retail,Mumbai,2453.57,5550.99,False,2024,11,23,Saturday,0.44,5550.99
